Unnamed: 0,id,author,summary_id,accuracy,relevance,creativity,specificity,feasibility,red_flags,id_summary,model,task_index,accuracy_summary,relevance_summary,novelty,specificity_summary,feasibility_summary,accuracy_adjusted,relevance_adjusted,creativity_adjusted,specificity_adjusted,feasibility_adjusted,red_flags_adjusted
6,2,Dyke,14,10,9,9,9,10,0,14,gpt-4,1,10,9,9,10,10,2.3,0.8000000000000007,1.4000000000000004,0.8000000000000007,1.5999999999999996,-0.2
7,103,Clusmann,14,8,9,8,7,8,0,14,gpt-4,1,10,9,9,10,10,1.0,1.0999999999999996,1.2999999999999998,0.2999999999999998,1.5,-0.1
8,206,Truhn,14,7,7,6,6,7,0,14,gpt-4,1,10,9,9,10,10,-1.0,-0.2000000000000001,0.7000000000000002,-0.2000000000000001,-0.2999999999999998,0.0
9,302,Schneider,14,10,10,10,10,10,0,14,gpt-4,1,10,9,9,10,10,1.0,1.7272727272727266,2.7272727272727275,2.1818181818181817,1.636363636363637,-0.0909090909090909
10,309,Isabella,14,8,8,3,8,9,0,14,gpt-4,1,10,9,9,10,10,-1.6999999999999993,-0.4000000000000003,-1.2999999999999998,0.2000000000000001,3.3,0.0
11,478,Schneider,14,9,8,9,9,9,0,14,gpt-4,1,10,9,9,10,10,0.0,-0.2727272727272734,1.7272727272727275,1.1818181818181817,0.6363636363636367,-0.0909090909090909
12,510,Kather,14,8,9,9,8,8,0,14,gpt-4,1,10,9,9,10,10,0.7000000000000002,2.9000000000000004,4.0,3.7,3.4000000000000004,0.0
13,3,Dyke,33,8,9,7,7,8,0,33,gpt-3.5-turbo,1,9,9,8,9,9,-0.5,0.9000000000000004,0.0999999999999996,-0.2999999999999998,-0.1999999999999993,-0.1
14,109,Clusmann,33,8,8,9,8,9,0,33,gpt-3.5-turbo,1,9,9,8,9,9,0.4000000000000003,0.4000000000000003,2.3,1.9000000000000004,2.6,0.0
15,207,Truhn,33,7,6,5,7,6,0,33,gpt-3.5-turbo,1,9,9,8,9,9,-1.0,-0.7999999999999998,-0.5,1.0999999999999996,-1.2000000000000002,0.0
16,314,Isabella,33,10,9,2,7,9,0,33,gpt-3.5-turbo,1,9,9,8,9,9,0.0999999999999996,0.0,-1.7000000000000002,-0.2999999999999998,2.6,0.0
17,481,Schneider,33,9,8,7,8,7,0,33,gpt-3.5-turbo,1,9,9,8,9,9,-0.0999999999999996,-0.4000000000000003,-0.2000000000000001,0.7000000000000002,-0.9000000000000004,0.0
18,509,Kather,33,9,6,7,8,7,0,33,gpt-3.5-turbo,1,9,9,8,9,9,2.7,0.9000000000000004,2.9000000000000004,4.2,1.9000000000000004,0.0
25,5,Dyke,93,9,8,7,8,7,0,93,cot-gpt-4-zero-shot-cot,1,10,9,8,10,9,0.5,0.0,-0.7000000000000002,0.0,-1.3000000000000007,-0.2
26,110,Clusmann,93,8,9,7,8,8,0,93,cot-gpt-4-zero-shot-cot,1,10,9,8,10,9,0.9000000000000004,2.1,0.7000000000000002,2.1,1.2999999999999998,0.0
27,210,Truhn,93,8,6,6,6,7,0,93,cot-gpt-4-zero-shot-cot,1,10,9,8,10,9,0.2000000000000001,-1.2000000000000002,1.0,0.4000000000000003,-0.5,0.0
28,313,Isabella,93,10,7,2,3,8,0,93,cot-gpt-4-zero-shot-cot,1,10,9,8,10,9,0.3000000000000007,-2.0,-2.6,-4.8,2.2,0.0
29,490,Schneider,93,10,7,7,8,8,0,93,cot-gpt-4-zero-shot-cot,1,10,9,8,10,9,0.8000000000000007,-0.9000000000000004,0.0,0.7999999999999998,0.2999999999999998,0.0
30,506,Kather,93,7,5,6,3,3,0,93,cot-gpt-4-zero-shot-cot,1,10,9,8,10,9,-0.2999999999999998,-1.0999999999999996,1.4000000000000004,-2.5,-2.8,0.0
31,6,Dyke,73,8,7,7,6,9,0,73,babyagi-gpt-4,1,8,9,7,8,8,-0.166666666666666,-0.5333333333333332,0.0999999999999996,-1.0999999999999996,0.9666666666666668,0.0
32,108,Clusmann,73,6,5,3,3,5,0,73,babyagi-gpt-4,1,8,9,7,8,8,0.0,0.7000000000000002,-0.7666666666666666,-0.3999999999999999,-0.5333333333333332,-0.0666666666666666
33,203,Truhn,73,8,5,2,3,6,0,73,babyagi-gpt-4,1,8,9,7,8,8,0.1333333333333337,-1.4333333333333336,-2.2333333333333334,-1.5666666666666664,-1.3666666666666665,0.0
34,311,Isabella,73,7,7,2,4,6,0,73,babyagi-gpt-4,1,8,9,7,8,8,-1.7666666666666675,0.666666666666667,-1.0666666666666669,-0.5333333333333332,-0.0999999999999996,0.0
35,459,Schneider,73,7,7,5,5,7,0,73,babyagi-gpt-4,1,8,9,7,8,8,-1.5666666666666664,-0.0333333333333332,-1.0666666666666664,-1.2666666666666666,-0.6333333333333337,-0.0666666666666666
36,505,Kather,73,10,9,8,10,9,0,73,babyagi-gpt-4,1,8,9,7,8,8,3.466666666666667,4.766666666666667,4.6,6.766666666666667,4.6,0.0
37,7,Dyke,7,9,10,8,9,9,0,7,llama-2-7b-chat,1,9,9,8,9,8,0.5999999999999996,1.4000000000000004,0.5999999999999996,1.2999999999999998,0.6999999999999993,0.0
38,106,Clusmann,7,7,7,4,6,7,0,7,llama-2-7b-chat,1,9,9,8,9,8,-0.4000000000000003,-0.7999999999999998,-2.3,-0.0999999999999996,0.5,0.0
39,204,Truhn,7,7,6,3,3,7,0,7,llama-2-7b-chat,1,9,9,8,9,8,-1.0,-0.5999999999999996,-1.7999999999999998,-2.2,-0.2000000000000001,0.0
40,306,Isabella,7,10,8,3,6,8,0,7,llama-2-7b-chat,1,9,9,8,9,8,0.5,-0.3000000000000007,-1.9000000000000004,-1.2999999999999998,1.4000000000000004,0.0
41,477,Schneider,7,9,7,7,8,8,0,7,llama-2-7b-chat,1,9,9,8,9,8,-0.1999999999999993,-0.5,0.5999999999999996,1.2999999999999998,0.4000000000000003,0.0
42,508,Kather,7,10,8,7,8,8,0,7,llama-2-7b-chat,1,9,9,8,9,8,3.4000000000000004,2.4000000000000004,2.4000000000000004,3.4000000000000004,3.4000000000000004,0.0
43,8,Dyke,49,8,7,8,8,8,0,49,cot-gpt-4-manual-cot,1,10,9,8,9,9,-0.1999999999999993,-0.5999999999999996,0.5999999999999996,0.4000000000000003,0.0,-0.1
44,102,Clusmann,49,9,7,9,8,9,0,49,cot-gpt-4-manual-cot,1,10,9,8,9,9,1.7999999999999998,-0.2000000000000001,2.9000000000000004,1.7999999999999998,2.4000000000000004,0.0
45,205,Truhn,49,8,6,3,3,8,0,49,cot-gpt-4-manual-cot,1,10,9,8,9,9,-0.1999999999999993,-0.9000000000000004,-1.9000000000000004,-2.6,0.5999999999999996,0.0
46,305,Isabella,49,10,10,3,8,10,0,49,cot-gpt-4-manual-cot,1,10,9,8,9,9,0.3000000000000007,1.0999999999999996,-1.2000000000000002,0.7999999999999998,3.8,0.0
47,497,Schneider,49,10,6,5,6,7,0,49,cot-gpt-4-manual-cot,1,10,9,8,9,9,0.6363636363636367,-1.8181818181818183,-1.9090909090909087,-1.636363636363637,-1.1818181818181817,0.0
48,504,Kather,49,10,9,6,5,6,0,49,cot-gpt-4-manual-cot,1,10,9,8,9,9,2.8,3.8,1.5,1.0,1.5999999999999996,0.0
49,9,Dyke,87,9,6,5,5,6,0,87,babyagi-gpt-4,1,10,9,9,10,8,0.8333333333333339,-1.5333333333333332,-1.9000000000000004,-2.1,-2.033333333333333,0.0
50,104,Clusmann,87,6,4,4,4,8,0,87,babyagi-gpt-4,1,10,9,9,10,8,0.0,-0.2999999999999998,0.2333333333333334,0.6000000000000001,2.466666666666667,-0.0666666666666666
51,208,Truhn,87,8,6,3,3,7,0,87,babyagi-gpt-4,1,10,9,9,10,8,0.1333333333333337,-0.4333333333333335,-1.2333333333333334,-1.5666666666666664,-0.3666666666666662,0.0
52,310,Isabella,87,10,10,3,10,10,0,87,babyagi-gpt-4,1,10,9,9,10,8,1.2333333333333325,3.666666666666667,-0.0666666666666668,5.466666666666667,3.9,0.0
53,479,Schneider,87,9,7,6,6,8,0,87,babyagi-gpt-4,1,10,9,9,10,8,0.4333333333333335,-0.0333333333333332,-0.0666666666666664,-0.2666666666666666,0.3666666666666662,-0.0666666666666666
54,511,Kather,87,8,5,3,3,7,0,87,babyagi-gpt-4,1,10,9,9,10,8,1.4666666666666668,0.7666666666666666,-0.3999999999999999,-0.2333333333333334,2.6,0.0
55,10,Dyke,67,8,8,8,9,8,0,67,babyagi-gpt-4,1,8,8,7,7,7,-0.166666666666666,0.4666666666666668,1.0999999999999996,1.9000000000000004,-0.0333333333333332,0.0
56,107,Clusmann,67,7,8,4,5,6,0,67,babyagi-gpt-4,1,8,8,7,7,7,1.0,3.7,0.2333333333333334,1.6,0.4666666666666668,-0.0666666666666666
57,211,Truhn,67,6,6,3,3,7,0,67,babyagi-gpt-4,1,8,8,7,7,7,-1.8666666666666665,-0.4333333333333335,-1.2333333333333334,-1.5666666666666664,-0.3666666666666662,0.0
58,308,Isabella,67,8,8,3,8,9,0,67,babyagi-gpt-4,1,8,8,7,7,7,-0.7666666666666675,1.666666666666667,-0.0666666666666668,3.466666666666667,2.9000000000000004,0.0
59,431,Schneider,67,9,8,6,6,8,0,67,babyagi-gpt-4,1,8,8,7,7,7,0.4333333333333335,0.9666666666666668,-0.0666666666666664,-0.2666666666666666,0.3666666666666662,-0.0666666666666666
60,507,Kather,67,6,4,4,3,3,0,67,babyagi-gpt-4,1,8,8,7,7,7,-0.5333333333333332,-0.2333333333333334,0.6000000000000001,-0.2333333333333334,-1.4000000000000004,0.0
61,11,Dyke,57,8,7,6,8,9,0,57,bard,1,10,9,8,10,9,-0.4000000000000003,-0.9000000000000004,-1.2000000000000002,0.2000000000000001,0.4000000000000003,-0.3
62,101,Clusmann,57,8,6,6,6,8,0,57,bard,1,10,9,8,10,9,0.7272727272727275,-0.1818181818181816,0.3636363636363633,0.1818181818181816,1.9090909090909087,-0.0909090909090909
63,212,Truhn,57,7,6,5,5,7,0,57,bard,1,10,9,8,10,9,-0.9000000000000004,-0.7000000000000002,0.0999999999999996,-0.7000000000000002,0.4000000000000003,0.0
64,312,Isabella,57,10,8,3,5,7,0,57,bard,1,10,9,8,10,9,0.6999999999999993,-0.5999999999999996,-0.3999999999999999,-1.0999999999999996,1.4000000000000004,0.0
65,424,Schneider,57,10,9,8,8,10,0,57,bard,1,10,9,8,10,9,1.125,0.375,0.5,0.5,1.375,-0.125
66,503,Kather,57,10,9,5,10,6,0,57,bard,1,10,9,8,10,9,3.0,2.8,0.4000000000000003,4.9,1.5,0.0
67,12,Dyke,27,8,7,9,8,8,0,27,camel-gpt4,1,10,10,7,10,8,0.0999999999999996,-0.2999999999999998,1.9000000000000004,0.5999999999999996,-0.3000000000000007,-0.1
68,105,Clusmann,27,7,8,9,8,4,0,27,camel-gpt4,1,10,10,7,10,8,-0.2000000000000001,1.0999999999999996,2.1,1.9000000000000004,-2.2,0.0
69,209,Truhn,27,8,7,7,7,6,0,27,camel-gpt4,1,10,10,7,10,8,0.0,0.0999999999999996,1.2000000000000002,1.0999999999999996,-0.7000000000000002,0.0
70,307,Isabella,27,10,10,7,7,6,0,27,camel-gpt4,1,10,10,7,10,8,0.0,0.5999999999999996,2.2,-1.0,-0.2999999999999998,0.0
71,496,Schneider,27,10,7,9,9,8,0,27,camel-gpt4,1,10,10,7,10,8,0.6999999999999993,-0.5999999999999996,1.7000000000000002,1.5,0.0999999999999996,0.0
72,512,Kather,27,9,9,10,8,7,0,27,camel-gpt4,1,10,10,7,10,8,1.7999999999999998,3.1,4.8,2.6,1.7000000000000002,0.0
133,23,Dyke,78,9,9,9,9,10,0,78,babyagi-gpt-4,2,7,8,7,9,6,0.8333333333333339,1.4666666666666668,2.1,1.9000000000000004,1.9666666666666668,0.0
134,122,Clusmann,78,7,2,2,2,4,0,78,babyagi-gpt-4,2,7,8,7,9,6,1.0,-2.3,-1.7666666666666666,-1.4,-1.5333333333333332,-0.0666666666666666
135,228,Truhn,78,7,5,4,7,6,0,78,babyagi-gpt-4,2,7,8,7,9,6,-0.8666666666666663,-1.4333333333333336,-0.2333333333333334,2.4333333333333336,-1.3666666666666665,0.0
136,327,Isabella,78,7,2,2,2,6,0,78,babyagi-gpt-4,2,7,8,7,9,6,-1.7666666666666675,-4.333333333333333,-1.0666666666666669,-2.533333333333333,-0.0999999999999996,0.0
137,465,Schneider,78,9,9,8,8,7,0,78,babyagi-gpt-4,2,7,8,7,9,6,0.4333333333333335,1.9666666666666668,1.9333333333333336,1.7333333333333334,-0.6333333333333337,-0.0666666666666666
138,528,Kather,78,8,3,4,2,6,0,78,babyagi-gpt-4,2,7,8,7,9,6,1.4666666666666668,-1.2333333333333334,0.6000000000000001,-1.2333333333333334,1.5999999999999996,0.0
139,24,Dyke,97,10,10,10,10,10,1,97,cot-gpt-4-zero-shot-cot,2,9,10,7,10,8,1.5,2.0,2.3,2.0,1.6999999999999993,0.8
140,121,Clusmann,97,9,9,7,10,9,0,97,cot-gpt-4-zero-shot-cot,2,9,10,7,10,8,1.9000000000000004,2.1,0.7000000000000002,4.1,2.3,0.0
141,229,Truhn,97,8,7,4,4,7,0,97,cot-gpt-4-zero-shot-cot,2,9,10,7,10,8,0.2000000000000001,-0.2000000000000001,-1.0,-1.5999999999999996,-0.5,0.0
142,334,Isabella,97,8,10,5,8,6,0,97,cot-gpt-4-zero-shot-cot,2,9,10,7,10,8,-1.6999999999999993,1.0,0.4000000000000003,0.2000000000000001,0.2000000000000001,0.0
143,434,Schneider,97,9,9,8,8,8,0,97,cot-gpt-4-zero-shot-cot,2,9,10,7,10,8,-0.1999999999999993,1.0999999999999996,1.0,0.7999999999999998,0.2999999999999998,0.0
144,530,Kather,97,8,8,5,10,9,0,97,cot-gpt-4-zero-shot-cot,2,9,10,7,10,8,0.7000000000000002,1.9000000000000004,0.4000000000000003,4.5,3.2,0.0
145,25,Dyke,38,9,9,8,7,8,0,38,gpt-3.5-turbo,2,8,9,7,7,8,0.5,0.9000000000000004,1.0999999999999996,-0.2999999999999998,-0.1999999999999993,-0.1
146,129,Clusmann,38,7,9,9,8,8,0,38,gpt-3.5-turbo,2,8,9,7,7,8,-0.5999999999999996,1.4000000000000004,2.3,1.9000000000000004,1.5999999999999996,0.0
147,223,Truhn,38,9,6,3,4,6,0,38,gpt-3.5-turbo,2,8,9,7,7,8,1.0,-0.7999999999999998,-2.5,-1.9000000000000004,-1.2000000000000002,0.0
148,325,Isabella,38,10,10,3,8,5,0,38,gpt-3.5-turbo,2,8,9,7,7,8,0.0999999999999996,1.0,-0.7000000000000002,0.7000000000000002,-1.4000000000000004,0.0
149,446,Schneider,38,8,8,7,6,8,0,38,gpt-3.5-turbo,2,8,9,7,7,8,-1.0999999999999996,-0.4000000000000003,-0.2000000000000001,-1.2999999999999998,0.0999999999999996,0.0
150,524,Kather,38,7,5,4,2,6,0,38,gpt-3.5-turbo,2,8,9,7,7,8,0.7000000000000002,-0.0999999999999996,-0.0999999999999996,-1.7999999999999998,0.9000000000000004,0.0
151,26,Dyke,30,8,7,8,9,8,0,30,camel-gpt4,2,8,9,7,9,7,0.0999999999999996,-0.2999999999999998,0.9000000000000004,1.5999999999999996,-0.3000000000000007,-0.1
152,128,Clusmann,30,7,9,9,8,8,0,30,camel-gpt4,2,8,9,7,9,7,-0.2000000000000001,2.1,2.1,1.9000000000000004,1.7999999999999998,0.0
153,227,Truhn,30,8,7,4,4,7,0,30,camel-gpt4,2,8,9,7,9,7,0.0,0.0999999999999996,-1.7999999999999998,-1.9000000000000004,0.2999999999999998,0.0
154,330,Isabella,30,10,10,4,8,6,0,30,camel-gpt4,2,8,9,7,9,7,0.0,0.5999999999999996,-0.7999999999999998,0.0,-0.2999999999999998,0.0
155,442,Schneider,30,10,9,7,9,8,0,30,camel-gpt4,2,8,9,7,9,7,0.6999999999999993,1.4000000000000004,-0.2999999999999998,1.5,0.0999999999999996,0.0
156,522,Kather,30,9,9,4,8,7,0,30,camel-gpt4,2,8,9,7,9,7,1.7999999999999998,3.1,-1.2000000000000002,2.6,1.7000000000000002,0.0
157,27,Dyke,75,8,7,7,8,8,0,75,babyagi-gpt-4,2,9,10,7,8,8,-0.166666666666666,-0.5333333333333332,0.0999999999999996,0.9000000000000004,-0.0333333333333332,0.0
158,124,Clusmann,75,7,7,5,5,8,0,75,babyagi-gpt-4,2,9,10,7,8,8,1.0,2.7,1.2333333333333334,1.6,2.466666666666667,-0.0666666666666666
159,224,Truhn,75,9,8,4,5,7,0,75,babyagi-gpt-4,2,9,10,7,8,8,1.1333333333333335,1.5666666666666664,-0.2333333333333334,0.4333333333333335,-0.3666666666666662,0.0
160,328,Isabella,75,10,3,2,2,10,0,75,babyagi-gpt-4,2,9,10,7,8,8,1.2333333333333325,-3.333333333333333,-1.0666666666666669,-2.533333333333333,3.9,0.0
161,433,Schneider,75,9,9,7,7,8,0,75,babyagi-gpt-4,2,9,10,7,8,8,0.4333333333333335,1.9666666666666668,0.9333333333333336,0.7333333333333334,0.3666666666666662,-0.0666666666666666
162,525,Kather,75,7,5,5,4,4,0,75,babyagi-gpt-4,2,9,10,7,8,8,0.4666666666666668,0.7666666666666666,1.6,0.7666666666666666,-0.4000000000000003,0.0
163,28,Dyke,54,9,9,8,9,9,0,54,bard,2,9,10,8,9,9,0.5999999999999996,1.0999999999999996,0.7999999999999998,1.2000000000000002,0.4000000000000003,-0.3
164,130,Clusmann,54,9,9,9,8,7,0,54,bard,2,9,10,8,9,9,1.7272727272727275,2.8181818181818183,3.3636363636363638,2.1818181818181817,0.9090909090909092,-0.0909090909090909
165,225,Truhn,54,8,8,4,6,7,0,54,bard,2,9,10,8,9,9,0.0999999999999996,1.2999999999999998,-0.9000000000000004,0.2999999999999998,0.4000000000000003,0.0
166,326,Isabella,54,8,10,3,8,6,0,54,bard,2,9,10,8,9,9,-1.3000000000000007,1.4000000000000004,-0.3999999999999999,1.9000000000000004,0.4000000000000003,0.0
167,411,Schneider,54,7,9,8,8,9,0,54,bard,2,9,10,8,9,9,-1.875,0.375,0.5,0.5,0.375,-0.125
168,523,Kather,54,8,7,7,7,8,0,54,bard,2,9,10,8,9,9,1.0,0.7999999999999998,2.4000000000000004,1.9000000000000004,3.5,0.0
169,29,Dyke,6,6,8,7,7,8,0,6,llama-2-7b-chat,2,9,10,8,10,8,-2.4000000000000004,-0.5999999999999996,-0.4000000000000003,-0.7000000000000002,-0.3000000000000007,0.0
170,127,Clusmann,6,7,8,6,7,7,0,6,llama-2-7b-chat,2,9,10,8,10,8,-0.4000000000000003,0.2000000000000001,-0.2999999999999998,0.9000000000000004,0.5,0.0
171,222,Truhn,6,9,7,5,6,6,0,6,llama-2-7b-chat,2,9,10,8,10,8,1.0,0.4000000000000003,0.2000000000000001,0.7999999999999998,-1.2000000000000002,0.0
172,332,Isabella,6,8,8,4,8,6,0,6,llama-2-7b-chat,2,9,10,8,10,8,-1.5,-0.3000000000000007,-0.9000000000000004,0.7000000000000002,-0.5999999999999996,0.0
173,438,Schneider,6,10,8,7,7,8,0,6,llama-2-7b-chat,2,9,10,8,10,8,0.8000000000000007,0.5,0.5999999999999996,0.2999999999999998,0.4000000000000003,0.0
174,526,Kather,6,8,8,4,5,6,0,6,llama-2-7b-chat,2,9,10,8,10,8,1.4000000000000004,2.4000000000000004,-0.5999999999999996,0.4000000000000003,1.4000000000000004,0.0
175,30,Dyke,48,8,7,7,8,8,0,48,cot-gpt-4-manual-cot,2,9,9,7,8,8,-0.1999999999999993,-0.5999999999999996,-0.4000000000000003,0.4000000000000003,0.0,-0.1
176,123,Clusmann,48,7,8,4,6,8,0,48,cot-gpt-4-manual-cot,2,9,9,7,8,8,-0.2000000000000001,0.7999999999999998,-2.1,-0.2000000000000001,1.4000000000000004,0.0
177,226,Truhn,48,8,7,3,6,7,0,48,cot-gpt-4-manual-cot,2,9,9,7,8,8,-0.1999999999999993,0.0999999999999996,-1.9000000000000004,0.4000000000000003,-0.4000000000000003,0.0
178,331,Isabella,48,10,10,3,7,6,0,48,cot-gpt-4-manual-cot,2,9,9,7,8,8,0.3000000000000007,1.0999999999999996,-1.2000000000000002,-0.2000000000000001,-0.2000000000000001,0.0
179,414,Schneider,48,8,7,5,6,8,0,48,cot-gpt-4-manual-cot,2,9,9,7,8,8,-1.363636363636363,-0.8181818181818183,-1.9090909090909087,-1.636363636363637,-0.1818181818181816,0.0
180,531,Kather,48,8,6,5,6,6,0,48,cot-gpt-4-manual-cot,2,9,9,7,8,8,0.7999999999999998,0.7999999999999998,0.5,2.0,1.5999999999999996,0.0
181,31,Dyke,18,8,7,6,8,7,0,18,gpt-4,2,8,9,7,9,8,0.2999999999999998,-1.1999999999999993,-1.5999999999999996,-0.1999999999999993,-1.4000000000000004,-0.2
182,126,Clusmann,18,8,9,5,8,7,0,18,gpt-4,2,8,9,7,9,8,1.0,1.0999999999999996,-1.7000000000000002,1.2999999999999998,0.5,-0.1
183,231,Truhn,18,9,7,4,7,8,0,18,gpt-4,2,8,9,7,9,8,1.0,-0.2000000000000001,-1.2999999999999998,0.7999999999999998,0.7000000000000002,0.0
184,333,Isabella,18,10,10,3,9,6,0,18,gpt-4,2,8,9,7,9,8,0.3000000000000007,1.5999999999999996,-1.2999999999999998,1.2000000000000002,0.2999999999999998,0.0
185,469,Schneider,18,8,6,6,7,8,0,18,gpt-4,2,8,9,7,9,8,-1.0,-2.2727272727272734,-1.2727272727272725,-0.8181818181818183,-0.3636363636363633,-0.0909090909090909
186,527,Kather,18,7,7,6,5,5,0,18,gpt-4,2,8,9,7,9,8,-0.2999999999999998,0.9000000000000004,1.0,0.7000000000000002,0.4000000000000003,0.0
187,32,Dyke,63,7,8,8,7,7,0,63,babyagi-gpt-4,2,8,9,7,9,7,-1.166666666666666,0.4666666666666668,1.0999999999999996,-0.0999999999999996,-1.0333333333333332,0.0
188,125,Clusmann,63,6,4,2,2,6,0,63,babyagi-gpt-4,2,8,9,7,9,7,0.0,-0.2999999999999998,-1.7666666666666666,-1.4,0.4666666666666668,-0.0666666666666666
189,230,Truhn,63,7,4,2,2,6,0,63,babyagi-gpt-4,2,8,9,7,9,7,-0.8666666666666663,-2.4333333333333336,-2.2333333333333334,-2.5666666666666664,-1.3666666666666665,0.0
190,329,Isabella,63,7,3,1,1,7,0,63,babyagi-gpt-4,2,8,9,7,9,7,-1.7666666666666675,-3.333333333333333,-2.066666666666667,-3.533333333333333,0.9000000000000004,0.0
191,406,Schneider,63,8,8,7,8,10,0,63,babyagi-gpt-4,2,8,9,7,9,7,-0.5666666666666664,0.9666666666666668,0.9333333333333336,1.7333333333333334,2.3666666666666663,-0.0666666666666666
192,529,Kather,63,7,2,1,1,4,0,63,babyagi-gpt-4,2,8,9,7,9,7,0.4666666666666668,-2.2333333333333334,-2.4,-2.2333333333333334,-0.4000000000000003,0.0
193,33,Dyke,24,8,7,6,7,8,0,24,camel-gpt4,3,9,10,7,9,8,0.0999999999999996,-0.2999999999999998,-1.0999999999999996,-0.4000000000000003,-0.3000000000000007,-0.1
194,132,Clusmann,24,7,9,9,7,8,0,24,camel-gpt4,3,9,10,7,9,8,-0.2000000000000001,2.1,2.1,0.9000000000000004,1.7999999999999998,0.0
195,237,Truhn,24,7,6,5,6,6,0,24,camel-gpt4,3,9,10,7,9,8,-1.0,-0.9000000000000004,-0.7999999999999998,0.0999999999999996,-0.7000000000000002,0.0
196,340,Isabella,24,10,10,5,9,9,0,24,camel-gpt4,3,9,10,7,9,8,0.0,0.5999999999999996,0.2000000000000001,1.0,2.7,0.0
197,493,Schneider,24,9,7,7,7,7,0,24,camel-gpt4,3,9,10,7,9,8,-0.3000000000000007,-0.5999999999999996,-0.2999999999999998,-0.5,-0.9000000000000004,0.0
198,533,Kather,24,7,5,3,2,6,0,24,camel-gpt4,3,9,10,7,9,8,-0.2000000000000001,-0.9000000000000004,-2.2,-3.4000000000000004,0.7000000000000002,0.0
199,34,Dyke,59,9,7,6,7,9,0,59,babyagi-gpt-4,3,10,10,8,10,9,0.8333333333333339,-0.5333333333333332,-0.9000000000000004,-0.0999999999999996,0.9666666666666668,0.0
200,134,Clusmann,59,5,2,1,2,5,0,59,babyagi-gpt-4,3,10,10,8,10,9,-1.0,-2.3,-2.7666666666666666,-1.4,-0.5333333333333332,-0.0666666666666666
201,239,Truhn,59,7,6,2,2,7,0,59,babyagi-gpt-4,3,10,10,8,10,9,-0.8666666666666663,-0.4333333333333335,-2.2333333333333334,-2.5666666666666664,-0.3666666666666662,0.0
202,342,Isabella,59,9,5,4,2,10,0,59,babyagi-gpt-4,3,10,10,8,10,9,0.2333333333333325,-1.333333333333333,0.9333333333333332,-2.533333333333333,3.9,0.0
203,436,Schneider,59,9,6,6,6,8,0,59,babyagi-gpt-4,3,10,10,8,10,9,0.4333333333333335,-1.0333333333333332,-0.0666666666666664,-0.2666666666666666,0.3666666666666662,-0.0666666666666666
204,534,Kather,59,7,6,7,4,7,0,59,babyagi-gpt-4,3,10,10,8,10,9,0.4666666666666668,1.7666666666666666,3.6,0.7666666666666666,2.6,0.0
205,35,Dyke,72,8,7,7,7,8,0,72,babyagi-gpt-4,3,8,8,7,9,7,-0.166666666666666,-0.5333333333333332,0.0999999999999996,-0.0999999999999996,-0.0333333333333332,0.0
206,139,Clusmann,72,6,2,2,2,5,0,72,babyagi-gpt-4,3,8,8,7,9,7,0.0,-2.3,-1.7666666666666666,-1.4,-0.5333333333333332,-0.0666666666666666
207,240,Truhn,72,8,7,2,3,7,0,72,babyagi-gpt-4,3,8,8,7,9,7,0.1333333333333337,0.5666666666666664,-2.2333333333333334,-1.5666666666666664,-0.3666666666666662,0.0
208,336,Isabella,72,9,5,2,2,8,0,72,babyagi-gpt-4,3,8,8,7,9,7,0.2333333333333325,-1.333333333333333,-1.0666666666666669,-2.533333333333333,1.9000000000000004,0.0
209,426,Schneider,72,8,7,6,6,8,0,72,babyagi-gpt-4,3,8,8,7,9,7,-0.5666666666666664,-0.0333333333333332,-0.0666666666666664,-0.2666666666666666,0.3666666666666662,-0.0666666666666666
210,541,Kather,72,6,2,2,2,5,0,72,babyagi-gpt-4,3,8,8,7,9,7,-0.5333333333333332,-2.2333333333333334,-1.4,-1.2333333333333334,0.5999999999999996,0.0
211,36,Dyke,76,6,7,7,10,8,0,76,babyagi-gpt-4,3,7,9,7,8,8,-2.166666666666666,-0.5333333333333332,0.0999999999999996,2.9000000000000004,-0.0333333333333332,0.0
212,133,Clusmann,76,6,3,3,2,7,0,76,babyagi-gpt-4,3,7,9,7,8,8,0.0,-1.2999999999999998,-0.7666666666666666,-1.4,1.4666666666666668,-0.0666666666666666
213,235,Truhn,76,8,5,2,2,9,0,76,babyagi-gpt-4,3,7,9,7,8,8,0.1333333333333337,-1.4333333333333336,-2.2333333333333334,-2.5666666666666664,1.6333333333333335,0.0
214,337,Isabella,76,9,6,4,4,6,0,76,babyagi-gpt-4,3,7,9,7,8,8,0.2333333333333325,-0.333333333333333,0.9333333333333332,-0.5333333333333332,-0.0999999999999996,0.0
215,451,Schneider,76,9,7,7,7,7,0,76,babyagi-gpt-4,3,7,9,7,8,8,0.4333333333333335,-0.0333333333333332,0.9333333333333336,0.7333333333333334,-0.6333333333333337,-0.0666666666666666
216,532,Kather,76,7,3,2,1,5,0,76,babyagi-gpt-4,3,7,9,7,8,8,0.4666666666666668,-1.2333333333333334,-1.4,-2.2333333333333334,0.5999999999999996,0.0
217,37,Dyke,3,10,10,8,10,10,0,3,llama-2-7b-chat,3,10,10,10,10,8,1.5999999999999996,1.4000000000000004,0.5999999999999996,2.3,1.6999999999999993,0.0
218,135,Clusmann,3,7,6,4,5,7,0,3,llama-2-7b-chat,3,10,10,10,10,8,-0.4000000000000003,-1.7999999999999998,-2.3,-1.0999999999999996,0.5,0.0
219,233,Truhn,3,8,7,3,3,7,0,3,llama-2-7b-chat,3,10,10,10,10,8,0.0,0.4000000000000003,-1.7999999999999998,-2.2,-0.2000000000000001,0.0
220,335,Isabella,3,8,8,4,8,5,0,3,llama-2-7b-chat,3,10,10,10,10,8,-1.5,-0.3000000000000007,-0.9000000000000004,0.7000000000000002,-1.5999999999999996,0.0
221,435,Schneider,3,9,8,6,6,8,0,3,llama-2-7b-chat,3,10,10,10,10,8,-0.1999999999999993,0.5,-0.4000000000000003,-0.7000000000000002,0.4000000000000003,0.0
222,540,Kather,3,6,4,5,5,6,0,3,llama-2-7b-chat,3,10,10,10,10,8,-0.5999999999999996,-1.5999999999999996,0.4000000000000003,0.4000000000000003,1.4000000000000004,0.0
223,38,Dyke,37,9,9,7,7,8,0,37,gpt-3.5-turbo,3,9,10,8,10,8,0.5,0.9000000000000004,0.0999999999999996,-0.2999999999999998,-0.1999999999999993,-0.1
224,136,Clusmann,37,8,7,4,4,5,0,37,gpt-3.5-turbo,3,9,10,8,10,8,0.4000000000000003,-0.5999999999999996,-2.7,-2.1,-1.4000000000000004,0.0
225,241,Truhn,37,8,8,5,6,7,0,37,gpt-3.5-turbo,3,9,10,8,10,8,0.0,1.2000000000000002,-0.5,0.0999999999999996,-0.2000000000000001,0.0
226,341,Isabella,37,10,10,3,7,5,0,37,gpt-3.5-turbo,3,9,10,8,10,8,0.0999999999999996,1.0,-0.7000000000000002,-0.2999999999999998,-1.4000000000000004,0.0
227,475,Schneider,37,9,9,8,8,8,0,37,gpt-3.5-turbo,3,9,10,8,10,8,-0.0999999999999996,0.5999999999999996,0.7999999999999998,0.7000000000000002,0.0999999999999996,0.0
228,535,Kather,37,7,6,2,2,6,0,37,gpt-3.5-turbo,3,9,10,8,10,8,0.7000000000000002,0.9000000000000004,-2.1,-1.7999999999999998,0.9000000000000004,0.0
229,39,Dyke,41,8,8,9,9,8,1,41,cot-gpt-4-manual-cot,3,7,8,6,9,9,-0.1999999999999993,0.4000000000000003,1.5999999999999996,1.4000000000000004,0.0,0.9
230,140,Clusmann,41,7,6,6,6,7,0,41,cot-gpt-4-manual-cot,3,7,8,6,9,9,-0.2000000000000001,-1.2000000000000002,-0.0999999999999996,-0.2000000000000001,0.4000000000000003,0.0
231,238,Truhn,41,8,7,3,5,7,0,41,cot-gpt-4-manual-cot,3,7,8,6,9,9,-0.1999999999999993,0.0999999999999996,-1.9000000000000004,-0.5999999999999996,-0.4000000000000003,0.0
232,343,Isabella,41,9,7,6,8,7,0,41,cot-gpt-4-manual-cot,3,7,8,6,9,9,-0.6999999999999993,-1.9000000000000004,1.7999999999999998,0.7999999999999998,0.7999999999999998,0.0
233,461,Schneider,41,10,10,9,9,8,0,41,cot-gpt-4-manual-cot,3,7,8,6,9,9,0.6363636363636367,2.1818181818181817,2.090909090909091,1.363636363636363,-0.1818181818181816,0.0
234,542,Kather,41,7,5,6,5,5,0,41,cot-gpt-4-manual-cot,3,7,8,6,9,9,-0.2000000000000001,-0.2000000000000001,1.5,1.0,0.5999999999999996,0.0
235,40,Dyke,90,8,9,6,8,9,0,90,cot-gpt-4-zero-shot-cot,3,9,10,7,9,8,-0.5,1.0,-1.7000000000000002,0.0,0.6999999999999993,-0.2
236,137,Clusmann,90,8,10,9,9,8,0,90,cot-gpt-4-zero-shot-cot,3,9,10,7,9,8,0.9000000000000004,3.1,2.7,3.1,1.2999999999999998,0.0
237,232,Truhn,90,6,7,5,6,7,0,90,cot-gpt-4-zero-shot-cot,3,9,10,7,9,8,-1.7999999999999998,-0.2000000000000001,0.0,0.4000000000000003,-0.5,0.0
238,344,Isabella,90,10,10,6,9,4,0,90,cot-gpt-4-zero-shot-cot,3,9,10,7,9,8,0.3000000000000007,1.0,1.4000000000000004,1.2000000000000002,-1.7999999999999998,0.0
239,498,Schneider,90,10,10,8,7,8,0,90,cot-gpt-4-zero-shot-cot,3,9,10,7,9,8,0.8000000000000007,2.1,1.0,-0.2000000000000001,0.2999999999999998,0.0
240,539,Kather,90,10,10,8,8,9,0,90,cot-gpt-4-zero-shot-cot,3,9,10,7,9,8,2.7,3.9,3.4000000000000004,2.5,3.2,0.0
241,41,Dyke,16,8,7,7,9,8,1,16,gpt-4,3,10,10,9,10,8,0.2999999999999998,-1.1999999999999993,-0.5999999999999996,0.8000000000000007,-0.4000000000000003,0.8
242,138,Clusmann,16,8,8,9,7,7,0,16,gpt-4,3,10,10,9,10,8,1.0,0.0999999999999996,2.3,0.2999999999999998,0.5,-0.1
243,236,Truhn,16,8,6,4,6,5,0,16,gpt-4,3,10,10,9,10,8,0.0,-1.2000000000000002,-1.2999999999999998,-0.2000000000000001,-2.3,0.0
244,338,Isabella,16,10,9,4,6,2,0,16,gpt-4,3,10,10,9,10,8,0.3000000000000007,0.5999999999999996,-0.2999999999999998,-1.7999999999999998,-3.7,0.0
245,420,Schneider,16,9,10,8,8,8,0,16,gpt-4,3,10,10,9,10,8,0.0,1.7272727272727266,0.7272727272727275,0.1818181818181816,-0.3636363636363633,-0.0909090909090909
246,537,Kather,16,8,7,7,8,7,0,16,gpt-4,3,10,10,9,10,8,0.7000000000000002,0.9000000000000004,2.0,3.7,2.4000000000000004,0.0
247,42,Dyke,100,8,8,7,10,9,1,100,bard,3,8,9,7,8,7,-0.4000000000000003,0.0999999999999996,-0.2000000000000001,2.2,0.4000000000000003,0.7
248,131,Clusmann,100,9,8,5,9,6,0,100,bard,3,8,9,7,8,7,1.7272727272727275,1.8181818181818183,-0.6363636363636367,3.1818181818181817,-0.0909090909090908,-0.0909090909090909
249,141,Clusmann,100,8,9,6,7,8,0,100,bard,3,8,9,7,8,7,0.7272727272727275,2.8181818181818183,0.3636363636363633,1.1818181818181817,1.9090909090909087,-0.0909090909090909
250,234,Truhn,100,7,7,4,6,6,0,100,bard,3,8,9,7,8,7,-0.9000000000000004,0.2999999999999998,-0.9000000000000004,0.2999999999999998,-0.5999999999999996,0.0
251,339,Isabella,100,10,9,5,6,4,0,100,bard,3,8,9,7,8,7,0.6999999999999993,0.4000000000000003,1.6,-0.0999999999999996,-1.5999999999999996,0.0
252,536,Kather,100,7,8,7,8,6,0,100,bard,3,8,9,7,8,7,0.0,1.7999999999999998,2.4000000000000004,2.9000000000000004,1.5,0.0
253,43,Dyke,15,9,9,7,8,9,0,15,gpt-4,4,9,10,9,7,8,1.2999999999999998,0.8000000000000007,-0.5999999999999996,-0.1999999999999993,0.5999999999999996,-0.2
254,142,Clusmann,15,6,7,4,4,5,0,15,gpt-4,4,9,10,9,7,8,-1.0,-0.9000000000000004,-2.7,-2.7,-1.5,-0.1
255,245,Truhn,15,8,7,8,7,6,0,15,gpt-4,4,9,10,9,7,8,0.0,-0.2000000000000001,2.7,0.7999999999999998,-1.2999999999999998,0.0
256,346,Isabella,15,9,9,5,8,6,0,15,gpt-4,4,9,10,9,7,8,-0.6999999999999993,0.5999999999999996,0.7000000000000002,0.2000000000000001,0.2999999999999998,0.0
257,487,Schneider,15,9,8,7,7,8,0,15,gpt-4,4,9,10,9,7,8,0.0,-0.2727272727272734,-0.2727272727272725,-0.8181818181818183,-0.3636363636363633,-0.0909090909090909
258,550,Kather,15,10,3,2,1,2,0,15,gpt-4,4,9,10,9,7,8,2.7,-3.1,-3.0,-3.3,-2.6,0.0
259,44,Dyke,26,8,7,7,8,9,0,26,camel-gpt4,4,9,10,8,10,7,0.0999999999999996,-0.2999999999999998,-0.0999999999999996,0.5999999999999996,0.6999999999999993,-0.1
260,149,Clusmann,26,4,2,3,3,6,0,26,camel-gpt4,4,9,10,8,10,7,-3.2,-4.9,-3.9,-3.1,-0.2000000000000001,0.0
261,246,Truhn,26,8,8,7,7,6,0,26,camel-gpt4,4,9,10,8,10,7,0.0,1.0999999999999996,1.2000000000000002,1.0999999999999996,-0.7000000000000002,0.0
262,348,Isabella,26,10,9,4,9,6,0,26,camel-gpt4,4,9,10,8,10,7,0.0,-0.4000000000000003,-0.7999999999999998,1.0,-0.2999999999999998,0.0
263,422,Schneider,26,9,9,9,8,8,0,26,camel-gpt4,4,9,10,8,10,7,-0.3000000000000007,1.4000000000000004,1.7000000000000002,0.5,0.0999999999999996,0.0
264,543,Kather,26,7,3,3,2,3,0,26,camel-gpt4,4,9,10,8,10,7,-0.2000000000000001,-2.9000000000000004,-2.2,-3.4000000000000004,-2.3,0.0
265,45,Dyke,89,10,8,6,7,8,0,89,cot-gpt-4-zero-shot-cot,4,10,9,8,10,7,1.5,0.0,-1.7000000000000002,-1.0,-0.3000000000000007,-0.2
266,145,Clusmann,89,5,6,5,6,5,0,89,cot-gpt-4-zero-shot-cot,4,10,9,8,10,7,-2.1,-0.9000000000000004,-1.2999999999999998,0.0999999999999996,-1.7000000000000002,0.0
267,249,Truhn,89,8,7,5,5,8,0,89,cot-gpt-4-zero-shot-cot,4,10,9,8,10,7,0.2000000000000001,-0.2000000000000001,0.0,-0.5999999999999996,0.5,0.0
268,352,Isabella,89,10,10,5,9,5,0,89,cot-gpt-4-zero-shot-cot,4,10,9,8,10,7,0.3000000000000007,1.0,0.4000000000000003,1.2000000000000002,-0.7999999999999998,0.0
269,415,Schneider,89,9,7,5,6,8,0,89,cot-gpt-4-zero-shot-cot,4,10,9,8,10,7,-0.1999999999999993,-0.9000000000000004,-2.0,-1.2000000000000002,0.2999999999999998,0.0
270,545,Kather,89,10,8,7,8,7,0,89,cot-gpt-4-zero-shot-cot,4,10,9,8,10,7,2.7,1.9000000000000004,2.4000000000000004,2.5,1.2000000000000002,0.0
271,46,Dyke,44,9,8,7,9,8,0,44,cot-gpt-4-manual-cot,4,9,9,8,10,7,0.8000000000000007,0.4000000000000003,-0.4000000000000003,1.4000000000000004,0.0,-0.1
272,144,Clusmann,44,8,9,8,8,7,0,44,cot-gpt-4-manual-cot,4,9,9,8,10,7,0.7999999999999998,1.7999999999999998,1.9000000000000004,1.7999999999999998,0.4000000000000003,0.0
273,251,Truhn,44,9,7,7,8,7,0,44,cot-gpt-4-manual-cot,4,9,9,8,10,7,0.8000000000000007,0.0999999999999996,2.1,2.4000000000000004,-0.4000000000000003,0.0
274,351,Isabella,44,10,10,6,10,6,0,44,cot-gpt-4-manual-cot,4,9,9,8,10,7,0.3000000000000007,1.0999999999999996,1.7999999999999998,2.8,-0.2000000000000001,0.0
275,452,Schneider,44,10,10,10,10,7,0,44,cot-gpt-4-manual-cot,4,9,9,8,10,7,0.6363636363636367,2.1818181818181817,3.090909090909091,2.3636363636363638,-1.1818181818181817,0.0
276,551,Kather,44,6,3,2,4,3,0,44,cot-gpt-4-manual-cot,4,9,9,8,10,7,-1.2000000000000002,-2.2,-2.5,0.0,-1.4000000000000004,0.0
277,47,Dyke,5,10,9,7,8,10,0,5,llama-2-7b-chat,4,9,8,8,9,7,1.5999999999999996,0.4000000000000003,-0.4000000000000003,0.2999999999999998,1.6999999999999993,0.0
278,150,Clusmann,5,9,9,9,7,8,0,5,llama-2-7b-chat,4,9,8,8,9,7,1.5999999999999996,1.2000000000000002,2.7,0.9000000000000004,1.5,0.0
279,242,Truhn,5,8,6,6,7,6,0,5,llama-2-7b-chat,4,9,8,8,9,7,0.0,-0.5999999999999996,1.2000000000000002,1.7999999999999998,-1.2000000000000002,0.0
280,349,Isabella,5,10,10,5,10,6,0,5,llama-2-7b-chat,4,9,8,8,9,7,0.5,1.6999999999999993,0.0999999999999996,2.7,-0.5999999999999996,0.0
281,405,Schneider,5,9,9,9,8,6,0,5,llama-2-7b-chat,4,9,8,8,9,7,-0.1999999999999993,1.5,2.6,1.2999999999999998,-1.5999999999999996,0.0
282,547,Kather,5,5,5,4,5,4,0,5,llama-2-7b-chat,4,9,8,8,9,7,-1.5999999999999996,-0.5999999999999996,-0.5999999999999996,0.4000000000000003,-0.5999999999999996,0.0
283,48,Dyke,65,8,8,7,7,8,0,65,babyagi-gpt-4,4,8,9,7,8,6,-0.166666666666666,0.4666666666666668,0.0999999999999996,-0.0999999999999996,-0.0333333333333332,0.0
284,147,Clusmann,65,5,3,3,2,5,0,65,babyagi-gpt-4,4,8,9,7,8,6,-1.0,-1.2999999999999998,-0.7666666666666666,-1.4,-0.5333333333333332,-0.0666666666666666
285,243,Truhn,65,8,5,4,3,8,0,65,babyagi-gpt-4,4,8,9,7,8,6,0.1333333333333337,-1.4333333333333336,-0.2333333333333334,-1.5666666666666664,0.6333333333333337,0.0
286,354,Isabella,65,10,10,4,8,9,0,65,babyagi-gpt-4,4,8,9,7,8,6,1.2333333333333325,3.666666666666667,0.9333333333333332,3.466666666666667,2.9000000000000004,0.0
287,439,Schneider,65,7,9,6,7,5,0,65,babyagi-gpt-4,4,8,9,7,8,6,-1.5666666666666664,1.9666666666666668,-0.0666666666666664,0.7333333333333334,-2.6333333333333337,-0.0666666666666666
288,544,Kather,65,8,3,3,3,3,0,65,babyagi-gpt-4,4,8,9,7,8,6,1.4666666666666668,-1.2333333333333334,-0.3999999999999999,-0.2333333333333334,-1.4000000000000004,0.0
289,49,Dyke,71,8,6,6,5,8,0,71,babyagi-gpt-4,4,8,8,7,9,7,-0.166666666666666,-1.5333333333333332,-0.9000000000000004,-2.1,-0.0333333333333332,0.0
290,146,Clusmann,71,4,2,2,2,5,0,71,babyagi-gpt-4,4,8,8,7,9,7,-2.0,-2.3,-1.7666666666666666,-1.4,-0.5333333333333332,-0.0666666666666666
291,248,Truhn,71,8,6,5,5,7,0,71,babyagi-gpt-4,4,8,8,7,9,7,0.1333333333333337,-0.4333333333333335,0.7666666666666666,0.4333333333333335,-0.3666666666666662,0.0
292,345,Isabella,71,7,6,4,4,7,0,71,babyagi-gpt-4,4,8,8,7,9,7,-1.7666666666666675,-0.333333333333333,0.9333333333333332,-0.5333333333333332,0.9000000000000004,0.0
293,448,Schneider,71,7,6,6,5,7,0,71,babyagi-gpt-4,4,8,8,7,9,7,-1.5666666666666664,-1.0333333333333332,-0.0666666666666664,-1.2666666666666666,-0.6333333333333337,-0.0666666666666666
294,552,Kather,71,3,3,5,6,3,0,71,babyagi-gpt-4,4,8,8,7,9,7,-3.533333333333333,-1.2333333333333334,1.6,2.7666666666666666,-1.4000000000000004,0.0
295,50,Dyke,69,8,7,6,6,7,0,69,babyagi-gpt-4,4,9,9,8,9,8,-0.166666666666666,-0.5333333333333332,-0.9000000000000004,-1.0999999999999996,-1.0333333333333332,0.0
296,151,Clusmann,69,6,3,4,3,5,0,69,babyagi-gpt-4,4,9,9,8,9,8,0.0,-1.2999999999999998,0.2333333333333334,-0.3999999999999999,-0.5333333333333332,-0.0666666666666666
297,250,Truhn,69,9,7,4,3,8,0,69,babyagi-gpt-4,4,9,9,8,9,8,1.1333333333333335,0.5666666666666664,-0.2333333333333334,-1.5666666666666664,0.6333333333333337,0.0
298,347,Isabella,69,9,7,4,7,5,0,69,babyagi-gpt-4,4,9,9,8,9,8,0.2333333333333325,0.666666666666667,0.9333333333333332,2.466666666666667,-1.0999999999999996,0.0
299,428,Schneider,69,9,8,7,7,9,0,69,babyagi-gpt-4,4,9,9,8,9,8,0.4333333333333335,0.9666666666666668,0.9333333333333336,0.7333333333333334,1.3666666666666665,-0.0666666666666666
300,549,Kather,69,5,4,4,3,3,0,69,babyagi-gpt-4,4,9,9,8,9,8,-1.5333333333333332,-0.2333333333333334,0.6000000000000001,-0.2333333333333334,-1.4000000000000004,0.0
301,51,Dyke,32,9,8,6,6,8,0,32,gpt-3.5-turbo,4,10,9,8,10,9,0.5,-0.0999999999999996,-0.9000000000000004,-1.2999999999999998,-0.1999999999999993,-0.1
302,148,Clusmann,32,8,9,7,5,6,0,32,gpt-3.5-turbo,4,10,9,8,10,9,0.4000000000000003,1.4000000000000004,0.2999999999999998,-1.0999999999999996,-0.4000000000000003,0.0
303,244,Truhn,32,8,7,7,7,6,0,32,gpt-3.5-turbo,4,10,9,8,10,9,0.0,0.2000000000000001,1.5,1.0999999999999996,-1.2000000000000002,0.0
304,350,Isabella,32,10,10,5,10,6,0,32,gpt-3.5-turbo,4,10,9,8,10,9,0.0999999999999996,1.0,1.2999999999999998,2.7,-0.4000000000000003,0.0
305,432,Schneider,32,10,9,9,9,8,0,32,gpt-3.5-turbo,4,10,9,8,10,9,0.9000000000000004,0.5999999999999996,1.7999999999999998,1.7000000000000002,0.0999999999999996,0.0
306,546,Kather,32,6,6,5,6,5,0,32,gpt-3.5-turbo,4,10,9,8,10,9,-0.2999999999999998,0.9000000000000004,0.9000000000000004,2.2,-0.0999999999999996,0.0
307,52,Dyke,55,8,7,7,7,9,1,55,bard,4,9,8,7,8,7,-0.4000000000000003,-0.9000000000000004,-0.2000000000000001,-0.7999999999999998,0.4000000000000003,0.7
308,143,Clusmann,55,7,3,3,4,5,0,55,bard,4,9,8,7,8,7,-0.2727272727272725,-3.1818181818181817,-2.6363636363636367,-1.8181818181818183,-1.0909090909090908,-0.0909090909090909
309,247,Truhn,55,9,7,7,7,7,0,55,bard,4,9,8,7,8,7,1.0999999999999996,0.2999999999999998,2.1,1.2999999999999998,0.4000000000000003,0.0
310,353,Isabella,55,10,10,4,9,5,0,55,bard,4,9,8,7,8,7,0.6999999999999993,1.4000000000000004,0.6000000000000001,2.9000000000000004,-0.5999999999999996,0.0
311,486,Schneider,55,9,8,7,7,8,0,55,bard,4,9,8,7,8,7,0.125,-0.625,-0.5,-0.5,-0.625,-0.125
312,548,Kather,55,5,5,5,3,3,0,55,bard,4,9,8,7,8,7,-2.0,-1.2000000000000002,0.4000000000000003,-2.1,-1.5,0.0
313,53,Dyke,85,8,8,6,7,7,0,85,babyagi-gpt-4,5,10,10,7,10,9,-0.166666666666666,0.4666666666666668,-0.9000000000000004,-0.0999999999999996,-1.0333333333333332,0.0
314,152,Clusmann,85,5,3,1,2,3,0,85,babyagi-gpt-4,5,10,10,7,10,9,-1.0,-1.2999999999999998,-2.7666666666666666,-1.4,-2.533333333333333,-0.0666666666666666
315,259,Truhn,85,8,7,4,10,8,0,85,babyagi-gpt-4,5,10,10,7,10,9,0.1333333333333337,0.5666666666666664,-0.2333333333333334,5.433333333333334,0.6333333333333337,0.0
316,359,Isabella,85,10,8,3,8,2,0,85,babyagi-gpt-4,5,10,10,7,10,9,1.2333333333333325,1.666666666666667,-0.0666666666666668,3.466666666666667,-4.1,0.0
317,463,Schneider,85,9,8,7,7,8,0,85,babyagi-gpt-4,5,10,10,7,10,9,0.4333333333333335,0.9666666666666668,0.9333333333333336,0.7333333333333334,0.3666666666666662,-0.0666666666666666
318,559,Kather,85,6,6,2,3,4,0,85,babyagi-gpt-4,5,10,10,7,10,9,-0.5333333333333332,1.7666666666666666,-1.4,-0.2333333333333334,-0.4000000000000003,0.0
319,54,Dyke,17,9,9,9,9,10,0,17,gpt-4,5,9,9,7,9,8,1.2999999999999998,0.8000000000000007,1.4000000000000004,0.8000000000000007,1.5999999999999996,-0.2
320,156,Clusmann,17,6,6,3,3,4,0,17,gpt-4,5,9,9,7,9,8,-1.0,-1.9000000000000004,-3.7,-3.7,-2.5,-0.1
321,253,Truhn,17,8,8,5,8,9,0,17,gpt-4,5,9,9,7,9,8,0.0,0.7999999999999998,-0.2999999999999998,1.7999999999999998,1.7000000000000002,0.0
322,363,Isabella,17,10,6,5,8,2,0,17,gpt-4,5,9,9,7,9,8,0.3000000000000007,-2.4000000000000004,0.7000000000000002,0.2000000000000001,-3.7,0.0
323,407,Schneider,17,9,8,7,8,9,1,17,gpt-4,5,9,9,7,9,8,0.0,-0.2727272727272734,-0.2727272727272725,0.1818181818181816,0.6363636363636367,0.9090909090909092
324,558,Kather,17,6,6,9,7,5,0,17,gpt-4,5,9,9,7,9,8,-1.2999999999999998,-0.0999999999999996,4.0,2.7,0.4000000000000003,0.0
325,55,Dyke,92,8,7,7,8,9,0,92,cot-gpt-4-zero-shot-cot,5,8,9,7,9,8,-0.5,-1.0,-0.7000000000000002,0.0,0.6999999999999993,-0.2
326,158,Clusmann,92,6,4,5,3,6,0,92,cot-gpt-4-zero-shot-cot,5,8,9,7,9,8,-1.0999999999999996,-2.9000000000000004,-1.2999999999999998,-2.9000000000000004,-0.7000000000000002,0.0
327,255,Truhn,92,8,7,5,5,8,0,92,cot-gpt-4-zero-shot-cot,5,8,9,7,9,8,0.2000000000000001,-0.2000000000000001,0.0,-0.5999999999999996,0.5,0.0
328,361,Isabella,92,10,9,5,8,4,0,92,cot-gpt-4-zero-shot-cot,5,8,9,7,9,8,0.3000000000000007,0.0,0.4000000000000003,0.2000000000000001,-1.7999999999999998,0.0
329,462,Schneider,92,9,8,8,8,8,0,92,cot-gpt-4-zero-shot-cot,5,8,9,7,9,8,-0.1999999999999993,0.0999999999999996,1.0,0.7999999999999998,0.2999999999999998,0.0
330,561,Kather,92,7,7,5,3,6,0,92,cot-gpt-4-zero-shot-cot,5,8,9,7,9,8,-0.2999999999999998,0.9000000000000004,0.4000000000000003,-2.5,0.2000000000000001,0.0
331,56,Dyke,29,9,8,8,7,9,0,29,camel-gpt4,5,10,10,9,10,9,1.0999999999999996,0.7000000000000002,0.9000000000000004,-0.4000000000000003,0.6999999999999993,-0.1
332,157,Clusmann,29,7,7,6,3,5,0,29,camel-gpt4,5,10,10,9,10,9,-0.2000000000000001,0.0999999999999996,-0.9000000000000004,-3.1,-1.2000000000000002,0.0
333,257,Truhn,29,9,8,7,8,8,0,29,camel-gpt4,5,10,10,9,10,9,1.0,1.0999999999999996,1.2000000000000002,2.1,1.2999999999999998,0.0
334,358,Isabella,29,10,10,4,8,4,0,29,camel-gpt4,5,10,10,9,10,9,0.0,0.5999999999999996,-0.7999999999999998,0.0,-2.3,0.0
335,418,Schneider,29,10,7,7,7,9,0,29,camel-gpt4,5,10,10,9,10,9,0.6999999999999993,-0.5999999999999996,-0.2999999999999998,-0.5,1.0999999999999996,0.0
336,560,Kather,29,8,10,9,9,7,0,29,camel-gpt4,5,10,10,9,10,9,0.7999999999999998,4.1,3.8,3.6,1.7000000000000002,0.0
337,57,Dyke,4,8,7,7,8,9,0,4,llama-2-7b-chat,5,9,9,7,10,8,-0.4000000000000003,-1.5999999999999996,-0.4000000000000003,0.2999999999999998,0.6999999999999993,0.0
338,159,Clusmann,4,7,8,6,4,3,0,4,llama-2-7b-chat,5,9,9,7,10,8,-0.4000000000000003,0.2000000000000001,-0.2999999999999998,-2.1,-3.5,0.0
339,261,Truhn,4,8,7,7,7,8,0,4,llama-2-7b-chat,5,9,9,7,10,8,0.0,0.4000000000000003,2.2,1.7999999999999998,0.7999999999999998,0.0
340,357,Isabella,4,10,8,5,7,7,0,4,llama-2-7b-chat,5,9,9,7,10,8,0.5,-0.3000000000000007,0.0999999999999996,-0.2999999999999998,0.4000000000000003,0.0
341,416,Schneider,4,10,7,6,7,9,0,4,llama-2-7b-chat,5,9,9,7,10,8,0.8000000000000007,-0.5,-0.4000000000000003,0.2999999999999998,1.4000000000000004,0.0
342,556,Kather,4,5,5,3,4,3,0,4,llama-2-7b-chat,5,9,9,7,10,8,-1.5999999999999996,-0.5999999999999996,-1.5999999999999996,-0.5999999999999996,-1.5999999999999996,0.0
343,58,Dyke,77,10,9,7,8,9,0,77,babyagi-gpt-4,5,10,9,8,9,7,1.833333333333334,1.4666666666666668,0.0999999999999996,0.9000000000000004,0.9666666666666668,0.0
344,154,Clusmann,77,5,5,3,3,5,0,77,babyagi-gpt-4,5,10,9,8,9,7,-1.0,0.7000000000000002,-0.7666666666666666,-0.3999999999999999,-0.5333333333333332,-0.0666666666666666
345,258,Truhn,77,8,8,7,7,8,0,77,babyagi-gpt-4,5,10,9,8,9,7,0.1333333333333337,1.5666666666666664,2.7666666666666666,2.4333333333333336,0.6333333333333337,0.0
346,355,Isabella,77,10,8,4,8,7,0,77,babyagi-gpt-4,5,10,9,8,9,7,1.2333333333333325,1.666666666666667,0.9333333333333332,3.466666666666667,0.9000000000000004,0.0
347,455,Schneider,77,9,8,6,6,7,0,77,babyagi-gpt-4,5,10,9,8,9,7,0.4333333333333335,0.9666666666666668,-0.0666666666666664,-0.2666666666666666,-0.6333333333333337,-0.0666666666666666
348,553,Kather,77,6,3,3,2,3,0,77,babyagi-gpt-4,5,10,9,8,9,7,-0.5333333333333332,-1.2333333333333334,-0.3999999999999999,-1.2333333333333334,-1.4000000000000004,0.0
349,59,Dyke,50,9,8,7,7,8,0,50,cot-gpt-4-manual-cot,5,10,10,8,10,9,0.8000000000000007,0.4000000000000003,-0.4000000000000003,-0.5999999999999996,0.0,-0.1
350,155,Clusmann,50,6,6,3,3,3,0,50,cot-gpt-4-manual-cot,5,10,10,8,10,9,-1.2000000000000002,-1.2000000000000002,-3.1,-3.2,-3.6,0.0
351,252,Truhn,50,9,8,6,7,8,0,50,cot-gpt-4-manual-cot,5,10,10,8,10,9,0.8000000000000007,1.0999999999999996,1.0999999999999996,1.4000000000000004,0.5999999999999996,0.0
352,303,Schneider,50,10,10,10,10,10,0,50,cot-gpt-4-manual-cot,5,10,10,8,10,9,0.6363636363636367,2.1818181818181817,3.090909090909091,2.3636363636363638,1.8181818181818183,0.0
353,360,Isabella,50,10,8,3,8,2,0,50,cot-gpt-4-manual-cot,5,10,10,8,10,9,0.3000000000000007,-0.9000000000000004,-1.2000000000000002,0.7999999999999998,-4.2,0.0
354,444,Schneider,50,10,10,8,9,9,0,50,cot-gpt-4-manual-cot,5,10,10,8,10,9,0.6363636363636367,2.1818181818181817,1.0909090909090908,1.363636363636363,0.8181818181818183,0.0
355,555,Kather,50,6,6,6,3,4,0,50,cot-gpt-4-manual-cot,5,10,10,8,10,9,-1.2000000000000002,0.7999999999999998,1.5,-1.0,-0.4000000000000003,0.0
356,60,Dyke,34,8,7,7,9,9,0,34,gpt-3.5-turbo,5,9,9,7,10,8,-0.5,-1.0999999999999996,0.0999999999999996,1.7000000000000002,0.8000000000000007,-0.1
357,161,Clusmann,34,6,8,9,7,6,0,34,gpt-3.5-turbo,5,9,9,7,10,8,-1.5999999999999996,0.4000000000000003,2.3,0.9000000000000004,-0.4000000000000003,0.0
358,256,Truhn,34,8,8,7,8,9,0,34,gpt-3.5-turbo,5,9,9,7,10,8,0.0,1.2000000000000002,1.5,2.1,1.7999999999999998,0.0
359,364,Isabella,34,10,9,5,9,7,0,34,gpt-3.5-turbo,5,9,9,7,10,8,0.0999999999999996,0.0,1.2999999999999998,1.7000000000000002,0.5999999999999996,0.0
360,425,Schneider,34,9,9,7,7,9,0,34,gpt-3.5-turbo,5,9,9,7,10,8,-0.0999999999999996,0.5999999999999996,-0.2000000000000001,-0.2999999999999998,1.0999999999999996,0.0
361,554,Kather,34,8,8,7,9,9,0,34,gpt-3.5-turbo,5,9,9,7,10,8,1.7000000000000002,2.9000000000000004,2.9000000000000004,5.2,3.9,0.0
362,61,Dyke,56,9,8,7,8,9,0,56,bard,5,10,9,7,10,8,0.5999999999999996,0.0999999999999996,-0.2000000000000001,0.2000000000000001,0.4000000000000003,-0.3
363,153,Clusmann,56,5,3,3,3,5,0,56,bard,5,10,9,7,10,8,-2.2727272727272725,-3.1818181818181817,-2.6363636363636367,-2.8181818181818183,-1.0909090909090908,-0.0909090909090909
364,260,Truhn,56,8,6,4,7,6,0,56,bard,5,10,9,7,10,8,0.0999999999999996,-0.7000000000000002,-0.9000000000000004,1.2999999999999998,-0.5999999999999996,0.0
365,356,Isabella,56,9,7,3,8,4,0,56,bard,5,10,9,7,10,8,-0.3000000000000007,-1.5999999999999996,-0.3999999999999999,1.9000000000000004,-1.5999999999999996,0.0
366,409,Schneider,56,8,9,7,9,10,1,56,bard,5,10,9,7,10,8,-0.875,0.375,-0.5,1.5,1.375,0.875
367,557,Kather,56,6,6,5,6,3,0,56,bard,5,10,9,7,10,8,-1.0,-0.2000000000000001,0.4000000000000003,0.9000000000000004,-1.5,0.0
368,62,Dyke,81,8,8,7,7,9,0,81,babyagi-gpt-4,5,9,9,8,10,8,-0.166666666666666,0.4666666666666668,0.0999999999999996,-0.0999999999999996,0.9666666666666668,0.0
369,160,Clusmann,81,5,6,4,4,5,0,81,babyagi-gpt-4,5,9,9,8,10,8,-1.0,1.7000000000000002,0.2333333333333334,0.6000000000000001,-0.5333333333333332,-0.0666666666666666
370,254,Truhn,81,8,6,5,4,8,0,81,babyagi-gpt-4,5,9,9,8,10,8,0.1333333333333337,-0.4333333333333335,0.7666666666666666,-0.5666666666666664,0.6333333333333337,0.0
371,362,Isabella,81,10,10,3,6,6,0,81,babyagi-gpt-4,5,9,9,8,10,8,1.2333333333333325,3.666666666666667,-0.0666666666666668,1.4666666666666668,-0.0999999999999996,0.0
372,445,Schneider,81,8,8,5,5,7,1,81,babyagi-gpt-4,5,9,9,8,10,8,-0.5666666666666664,0.9666666666666668,-1.0666666666666664,-1.2666666666666666,-0.6333333333333337,0.9333333333333332
373,562,Kather,81,6,3,4,2,4,0,81,babyagi-gpt-4,5,9,9,8,10,8,-0.5333333333333332,-1.2333333333333334,0.6000000000000001,-1.2333333333333334,-0.4000000000000003,0.0
374,63,Dyke,13,9,9,7,8,9,1,13,gpt-4,6,9,10,7,10,8,1.2999999999999998,0.8000000000000007,-0.5999999999999996,-0.1999999999999993,0.5999999999999996,0.8
375,162,Clusmann,13,8,9,9,7,8,0,13,gpt-4,6,9,10,7,10,8,1.0,1.0999999999999996,2.3,0.2999999999999998,1.5,-0.1
376,271,Truhn,13,8,8,4,6,8,0,13,gpt-4,6,9,10,7,10,8,0.0,0.7999999999999998,-1.2999999999999998,-0.2000000000000001,0.7000000000000002,0.0
377,371,Isabella,13,10,9,4,10,6,0,13,gpt-4,6,9,10,7,10,8,0.3000000000000007,0.5999999999999996,-0.2999999999999998,2.2,0.2999999999999998,0.0
378,429,Schneider,13,9,8,7,7,9,0,13,gpt-4,6,9,10,7,10,8,0.0,-0.2727272727272734,-0.2727272727272725,-0.8181818181818183,0.6363636363636367,-0.0909090909090909
379,563,Kather,13,7,7,2,2,3,0,13,gpt-4,6,9,10,7,10,8,-0.2999999999999998,0.9000000000000004,-3.0,-2.3,-1.5999999999999996,0.0
380,64,Dyke,39,8,9,7,7,8,0,39,gpt-3.5-turbo,6,10,9,9,10,8,-0.5,0.9000000000000004,0.0999999999999996,-0.2999999999999998,-0.1999999999999993,-0.1
381,166,Clusmann,39,8,6,5,4,6,0,39,gpt-3.5-turbo,6,10,9,9,10,8,0.4000000000000003,-1.5999999999999996,-1.7000000000000002,-2.1,-0.4000000000000003,0.0
382,265,Truhn,39,8,7,6,7,8,0,39,gpt-3.5-turbo,6,10,9,9,10,8,0.0,0.2000000000000001,0.5,1.0999999999999996,0.7999999999999998,0.0
383,366,Isabella,39,9,7,4,7,7,0,39,gpt-3.5-turbo,6,10,9,9,10,8,-0.9000000000000004,-2.0,0.2999999999999998,-0.2999999999999998,0.5999999999999996,0.0
384,467,Schneider,39,9,7,5,6,7,0,39,gpt-3.5-turbo,6,10,9,9,10,8,-0.0999999999999996,-1.4000000000000004,-2.2,-1.2999999999999998,-0.9000000000000004,0.0
385,572,Kather,39,5,5,3,1,3,0,39,gpt-3.5-turbo,6,10,9,9,10,8,-1.2999999999999998,-0.0999999999999996,-1.0999999999999996,-2.8,-2.1,0.0
386,65,Dyke,66,8,8,7,7,8,0,66,babyagi-gpt-4,6,10,10,8,10,9,-0.166666666666666,0.4666666666666668,0.0999999999999996,-0.0999999999999996,-0.0333333333333332,0.0
387,169,Clusmann,66,7,3,2,4,6,0,66,babyagi-gpt-4,6,10,10,8,10,9,1.0,-1.2999999999999998,-1.7666666666666666,0.6000000000000001,0.4666666666666668,-0.0666666666666666
388,263,Truhn,66,8,7,3,4,8,0,66,babyagi-gpt-4,6,10,10,8,10,9,0.1333333333333337,0.5666666666666664,-1.2333333333333334,-0.5666666666666664,0.6333333333333337,0.0
389,374,Isabella,66,10,8,3,5,5,0,66,babyagi-gpt-4,6,10,10,8,10,9,1.2333333333333325,1.666666666666667,-0.0666666666666668,0.4666666666666668,-1.0999999999999996,0.0
390,458,Schneider,66,9,8,6,6,8,0,66,babyagi-gpt-4,6,10,10,8,10,9,0.4333333333333335,0.9666666666666668,-0.0666666666666664,-0.2666666666666666,0.3666666666666662,-0.0666666666666666
391,565,Kather,66,5,3,2,2,2,0,66,babyagi-gpt-4,6,10,10,8,10,9,-1.5333333333333332,-1.2333333333333334,-1.4,-1.2333333333333334,-2.4000000000000004,0.0
392,66,Dyke,53,7,6,7,5,6,1,53,bard,6,9,8,7,7,8,-1.4000000000000004,-1.9000000000000004,-0.2000000000000001,-2.8,-2.6,0.7
393,170,Clusmann,53,7,4,5,4,6,0,53,bard,6,9,8,7,7,8,-0.2727272727272725,-2.1818181818181817,-0.6363636363636367,-1.8181818181818183,-0.0909090909090908,-0.0909090909090909
394,262,Truhn,53,8,6,5,5,6,0,53,bard,6,9,8,7,7,8,0.0999999999999996,-0.7000000000000002,0.0999999999999996,-0.7000000000000002,-0.5999999999999996,0.0
395,370,Isabella,53,10,8,3,3,4,0,53,bard,6,9,8,7,7,8,0.6999999999999993,-0.5999999999999996,-0.3999999999999999,-3.1,-1.5999999999999996,0.0
396,460,Schneider,53,10,8,7,6,8,0,53,bard,6,9,8,7,7,8,1.125,-0.625,-0.5,-1.5,-0.625,-0.125
397,569,Kather,53,7,5,4,3,2,0,53,bard,6,9,8,7,7,8,0.0,-1.2000000000000002,-0.5999999999999996,-2.1,-2.5,0.0
398,67,Dyke,23,7,7,7,8,9,0,23,camel-gpt4,6,9,8,7,10,8,-0.9000000000000004,-0.2999999999999998,-0.0999999999999996,0.5999999999999996,0.6999999999999993,-0.1
399,165,Clusmann,23,8,8,7,8,8,0,23,camel-gpt4,6,9,8,7,10,8,0.7999999999999998,1.0999999999999996,0.0999999999999996,1.9000000000000004,1.7999999999999998,0.0
400,267,Truhn,23,8,7,7,7,7,0,23,camel-gpt4,6,9,8,7,10,8,0.0,0.0999999999999996,1.2000000000000002,1.0999999999999996,0.2999999999999998,0.0
401,369,Isabella,23,10,9,4,8,6,0,23,camel-gpt4,6,9,8,7,10,8,0.0,-0.4000000000000003,-0.7999999999999998,0.0,-0.2999999999999998,0.0
402,441,Schneider,23,10,7,7,8,8,0,23,camel-gpt4,6,9,8,7,10,8,0.6999999999999993,-0.5999999999999996,-0.2999999999999998,0.5,0.0999999999999996,0.0
403,570,Kather,23,6,5,7,7,5,0,23,camel-gpt4,6,9,8,7,10,8,-1.2000000000000002,-0.9000000000000004,1.7999999999999998,1.5999999999999996,-0.2999999999999998,0.0
404,68,Dyke,9,8,7,6,7,8,0,9,llama-2-7b-chat,6,9,10,8,9,7,-0.4000000000000003,-1.5999999999999996,-1.4000000000000004,-0.7000000000000002,-0.3000000000000007,0.0
405,164,Clusmann,9,8,9,8,8,9,0,9,llama-2-7b-chat,6,9,10,8,9,7,0.5999999999999996,1.2000000000000002,1.7000000000000002,1.9000000000000004,2.5,0.0
406,269,Truhn,9,8,7,6,5,8,0,9,llama-2-7b-chat,6,9,10,8,9,7,0.0,0.4000000000000003,1.2000000000000002,-0.2000000000000001,0.7999999999999998,0.0
407,368,Isabella,9,10,10,6,7,7,0,9,llama-2-7b-chat,6,9,10,8,9,7,0.5,1.6999999999999993,1.0999999999999996,-0.2999999999999998,0.4000000000000003,0.0
408,500,Schneider,9,9,7,6,7,8,0,9,llama-2-7b-chat,6,9,10,8,9,7,-0.1999999999999993,-0.5,-0.4000000000000003,0.2999999999999998,0.4000000000000003,0.0
409,568,Kather,9,5,4,5,4,3,0,9,llama-2-7b-chat,6,9,10,8,9,7,-1.5999999999999996,-1.5999999999999996,0.4000000000000003,-0.5999999999999996,-1.5999999999999996,0.0
410,69,Dyke,60,8,8,8,9,9,0,60,babyagi-gpt-4,6,8,9,7,9,8,-0.166666666666666,0.4666666666666668,1.0999999999999996,1.9000000000000004,0.9666666666666668,0.0
411,168,Clusmann,60,7,3,2,3,5,0,60,babyagi-gpt-4,6,8,9,7,9,8,1.0,-1.2999999999999998,-1.7666666666666666,-0.3999999999999999,-0.5333333333333332,-0.0666666666666666
412,266,Truhn,60,8,8,5,7,8,0,60,babyagi-gpt-4,6,8,9,7,9,8,0.1333333333333337,1.5666666666666664,0.7666666666666666,2.4333333333333336,0.6333333333333337,0.0
413,365,Isabella,60,9,7,6,5,6,0,60,babyagi-gpt-4,6,8,9,7,9,8,0.2333333333333325,0.666666666666667,2.933333333333333,0.4666666666666668,-0.0999999999999996,0.0
414,443,Schneider,60,7,6,5,5,6,1,60,babyagi-gpt-4,6,8,9,7,9,8,-1.5666666666666664,-1.0333333333333332,-1.0666666666666664,-1.2666666666666666,-1.6333333333333335,0.9333333333333332
415,564,Kather,60,2,1,2,1,2,0,60,babyagi-gpt-4,6,8,9,7,9,8,-4.533333333333333,-3.2333333333333334,-1.4,-2.2333333333333334,-2.4000000000000004,0.0
416,70,Dyke,42,9,8,8,8,9,0,42,cot-gpt-4-manual-cot,6,8,9,8,9,10,0.8000000000000007,0.4000000000000003,0.5999999999999996,0.4000000000000003,1.0,-0.1
417,171,Clusmann,42,6,5,7,7,7,0,42,cot-gpt-4-manual-cot,6,8,9,8,9,10,-1.2000000000000002,-2.2,0.9000000000000004,0.7999999999999998,0.4000000000000003,0.0
418,268,Truhn,42,8,8,8,7,8,0,42,cot-gpt-4-manual-cot,6,8,9,8,9,10,-0.1999999999999993,1.0999999999999996,3.1,1.4000000000000004,0.5999999999999996,0.0
419,372,Isabella,42,10,9,3,7,6,0,42,cot-gpt-4-manual-cot,6,8,9,8,9,10,0.3000000000000007,0.0999999999999996,-1.2000000000000002,-0.2000000000000001,-0.2000000000000001,0.0
420,419,Schneider,42,9,8,7,8,10,0,42,cot-gpt-4-manual-cot,6,8,9,8,9,10,-0.3636363636363633,0.1818181818181816,0.0909090909090908,0.3636363636363633,1.8181818181818183,0.0
421,566,Kather,42,7,4,3,2,2,0,42,cot-gpt-4-manual-cot,6,8,9,8,9,10,-0.2000000000000001,-1.2000000000000002,-1.5,-2.0,-2.4000000000000004,0.0
422,71,Dyke,64,8,9,8,8,8,0,64,babyagi-gpt-4,6,10,9,8,9,8,-0.166666666666666,1.4666666666666668,1.0999999999999996,0.9000000000000004,-0.0333333333333332,0.0
423,163,Clusmann,64,7,3,4,4,5,0,64,babyagi-gpt-4,6,10,9,8,9,8,1.0,-1.2999999999999998,0.2333333333333334,0.6000000000000001,-0.5333333333333332,-0.0666666666666666
424,264,Truhn,64,8,7,6,6,7,0,64,babyagi-gpt-4,6,10,9,8,9,8,0.1333333333333337,0.5666666666666664,1.7666666666666666,1.4333333333333336,-0.3666666666666662,0.0
425,367,Isabella,64,8,5,2,3,3,0,64,babyagi-gpt-4,6,10,9,8,9,8,-0.7666666666666675,-1.333333333333333,-1.0666666666666669,-1.5333333333333332,-3.1,0.0
426,482,Schneider,64,9,7,6,7,8,0,64,babyagi-gpt-4,6,10,9,8,9,8,0.4333333333333335,-0.0333333333333332,-0.0666666666666664,0.7333333333333334,0.3666666666666662,-0.0666666666666666
427,571,Kather,64,6,4,2,1,2,0,64,babyagi-gpt-4,6,10,9,8,9,8,-0.5333333333333332,-0.2333333333333334,-1.4,-2.2333333333333334,-2.4000000000000004,0.0
428,72,Dyke,91,8,7,8,8,8,0,91,cot-gpt-4-zero-shot-cot,6,10,9,7,9,9,-0.5,-1.0,0.2999999999999998,0.0,-0.3000000000000007,-0.2
429,167,Clusmann,91,7,5,6,2,7,0,91,cot-gpt-4-zero-shot-cot,6,10,9,7,9,9,-0.0999999999999996,-1.9000000000000004,-0.2999999999999998,-3.9,0.2999999999999998,0.0
430,270,Truhn,91,8,8,5,5,7,0,91,cot-gpt-4-zero-shot-cot,6,10,9,7,9,9,0.2000000000000001,0.7999999999999998,0.0,-0.5999999999999996,-0.5,0.0
431,373,Isabella,91,9,8,3,6,5,0,91,cot-gpt-4-zero-shot-cot,6,10,9,7,9,9,-0.6999999999999993,-1.0,-1.5999999999999996,-1.7999999999999998,-0.7999999999999998,0.0
432,457,Schneider,91,9,8,6,6,9,0,91,cot-gpt-4-zero-shot-cot,6,10,9,7,9,9,-0.1999999999999993,0.0999999999999996,-1.0,-1.2000000000000002,1.2999999999999998,0.0
433,567,Kather,91,5,4,2,2,3,0,91,cot-gpt-4-zero-shot-cot,6,10,9,7,9,9,-2.3,-2.1,-2.6,-3.5,-2.8,0.0
19,4,Dyke,21,8,8,6,7,8,0,21,camel-gpt4,7,9,9,8,8,8,0.0999999999999996,0.7000000000000002,-1.0999999999999996,-0.4000000000000003,-0.3000000000000007,-0.1
20,176,Clusmann,21,8,5,6,5,5,0,21,camel-gpt4,7,9,9,8,8,8,0.7999999999999998,-1.9000000000000004,-0.9000000000000004,-1.0999999999999996,-1.2000000000000002,0.0
21,276,Truhn,21,8,8,6,7,7,0,21,camel-gpt4,7,9,9,8,8,8,0.0,1.0999999999999996,0.2000000000000001,1.0999999999999996,0.2999999999999998,0.0
22,381,Isabella,21,10,10,6,8,6,0,21,camel-gpt4,7,9,9,8,8,8,0.0,0.5999999999999996,1.2000000000000002,0.0,-0.2999999999999998,0.0
23,466,Schneider,21,8,8,7,7,7,0,21,camel-gpt4,7,9,9,8,8,8,-1.3000000000000007,0.4000000000000003,-0.2999999999999998,-0.5,-0.9000000000000004,0.0
24,575,Kather,21,5,4,3,4,3,0,21,camel-gpt4,7,9,9,8,8,8,-2.2,-1.9000000000000004,-2.2,-1.4000000000000004,-2.3,0.0
434,73,Dyke,99,8,8,7,7,8,0,99,bard,7,9,9,8,8,8,-0.4000000000000003,0.0999999999999996,-0.2000000000000001,-0.7999999999999998,-0.5999999999999996,-0.3
435,179,Clusmann,99,8,8,8,7,6,0,99,bard,7,9,9,8,8,8,0.7272727272727275,1.8181818181818183,2.3636363636363638,1.1818181818181817,-0.0909090909090908,-0.0909090909090909
436,277,Truhn,99,8,6,3,6,7,0,99,bard,7,9,9,8,8,8,0.0999999999999996,-0.7000000000000002,-1.9000000000000004,0.2999999999999998,0.4000000000000003,0.0
437,379,Isabella,99,10,9,3,6,6,0,99,bard,7,9,9,8,8,8,0.6999999999999993,0.4000000000000003,-0.3999999999999999,-0.0999999999999996,0.4000000000000003,0.0
438,580,Kather,99,6,5,2,2,3,0,99,bard,7,9,9,8,8,8,-1.0,-1.2000000000000002,-2.6,-3.1,-1.5,0.0
439,74,Dyke,11,8,7,8,7,7,0,11,gpt-4,7,9,10,8,10,8,0.2999999999999998,-1.1999999999999993,0.4000000000000003,-1.1999999999999993,-1.4000000000000004,-0.2
440,178,Clusmann,11,8,9,9,8,6,0,11,gpt-4,7,9,10,8,10,8,1.0,1.0999999999999996,2.3,1.2999999999999998,-0.5,-0.1
441,275,Truhn,11,8,8,7,7,8,0,11,gpt-4,7,9,10,8,10,8,0.0,0.7999999999999998,1.7000000000000002,0.7999999999999998,0.7000000000000002,0.0
442,380,Isabella,11,10,8,5,7,6,0,11,gpt-4,7,9,10,8,10,8,0.3000000000000007,-0.4000000000000003,0.7000000000000002,-0.7999999999999998,0.2999999999999998,0.0
443,484,Schneider,11,9,8,7,7,8,0,11,gpt-4,7,9,10,8,10,8,0.0,-0.2727272727272734,-0.2727272727272725,-0.8181818181818183,-0.3636363636363633,-0.0909090909090909
444,574,Kather,11,7,6,6,4,4,0,11,gpt-4,7,9,10,8,10,8,-0.2999999999999998,-0.0999999999999996,1.0,-0.2999999999999998,-0.5999999999999996,0.0
445,75,Dyke,35,9,8,7,8,7,0,35,gpt-3.5-turbo,7,10,9,9,10,8,0.5,-0.0999999999999996,0.0999999999999996,0.7000000000000002,-1.1999999999999993,-0.1
446,174,Clusmann,35,8,9,8,8,4,0,35,gpt-3.5-turbo,7,10,9,9,10,8,0.4000000000000003,1.4000000000000004,1.2999999999999998,1.9000000000000004,-2.4000000000000004,0.0
447,278,Truhn,35,8,7,5,5,7,0,35,gpt-3.5-turbo,7,10,9,9,10,8,0.0,0.2000000000000001,-0.5,-0.9000000000000004,-0.2000000000000001,0.0
448,384,Isabella,35,10,9,4,5,6,0,35,gpt-3.5-turbo,7,10,9,9,10,8,0.0999999999999996,0.0,0.2999999999999998,-2.3,-0.4000000000000003,0.0
449,464,Schneider,35,9,9,9,9,8,0,35,gpt-3.5-turbo,7,10,9,9,10,8,-0.0999999999999996,0.5999999999999996,1.7999999999999998,1.7000000000000002,0.0999999999999996,0.0
450,582,Kather,35,6,4,3,4,3,0,35,gpt-3.5-turbo,7,10,9,9,10,8,-0.2999999999999998,-1.0999999999999996,-1.0999999999999996,0.2000000000000001,-2.1,0.0
451,76,Dyke,1,9,8,8,7,7,0,1,llama-2-7b-chat,7,9,9,8,8,7,0.5999999999999996,-0.5999999999999996,0.5999999999999996,-0.7000000000000002,-1.3000000000000007,0.0
452,175,Clusmann,1,8,8,6,7,5,0,1,llama-2-7b-chat,7,9,9,8,8,7,0.5999999999999996,0.2000000000000001,-0.2999999999999998,0.9000000000000004,-1.5,0.0
453,274,Truhn,1,8,7,6,7,8,0,1,llama-2-7b-chat,7,9,9,8,8,7,0.0,0.4000000000000003,1.2000000000000002,1.7999999999999998,0.7999999999999998,0.0
454,377,Isabella,1,10,9,5,7,7,0,1,llama-2-7b-chat,7,9,9,8,8,7,0.5,0.6999999999999993,0.0999999999999996,-0.2999999999999998,0.4000000000000003,0.0
455,473,Schneider,1,9,7,5,6,7,0,1,llama-2-7b-chat,7,9,9,8,8,7,-0.1999999999999993,-0.5,-1.4000000000000004,-0.7000000000000002,-0.5999999999999996,0.0
456,573,Kather,1,6,5,4,3,3,0,1,llama-2-7b-chat,7,9,9,8,8,7,-0.5999999999999996,-0.5999999999999996,-0.5999999999999996,-1.5999999999999996,-1.5999999999999996,0.0
457,77,Dyke,82,9,8,7,6,7,0,82,babyagi-gpt-4,7,10,10,8,10,9,0.8333333333333339,0.4666666666666668,0.0999999999999996,-1.0999999999999996,-1.0333333333333332,0.0
458,181,Clusmann,82,6,3,4,4,5,0,82,babyagi-gpt-4,7,10,10,8,10,9,0.0,-1.2999999999999998,0.2333333333333334,0.6000000000000001,-0.5333333333333332,-0.0666666666666666
459,279,Truhn,82,8,7,7,7,8,0,82,babyagi-gpt-4,7,10,10,8,10,9,0.1333333333333337,0.5666666666666664,2.7666666666666666,2.4333333333333336,0.6333333333333337,0.0
460,382,Isabella,82,10,9,3,5,6,0,82,babyagi-gpt-4,7,10,10,8,10,9,1.2333333333333325,2.666666666666667,-0.0666666666666668,0.4666666666666668,-0.0999999999999996,0.0
461,440,Schneider,82,8,5,5,5,9,0,82,babyagi-gpt-4,7,10,10,8,10,9,-0.5666666666666664,-2.033333333333333,-1.0666666666666664,-1.2666666666666666,1.3666666666666665,-0.0666666666666666
462,576,Kather,82,7,4,3,2,4,0,82,babyagi-gpt-4,7,10,10,8,10,9,0.4666666666666668,-0.2333333333333334,-0.3999999999999999,-1.2333333333333334,-0.4000000000000003,0.0
463,78,Dyke,70,8,7,8,7,8,0,70,babyagi-gpt-4,7,9,10,8,10,8,-0.166666666666666,-0.5333333333333332,1.0999999999999996,-0.0999999999999996,-0.0333333333333332,0.0
464,172,Clusmann,70,8,7,3,3,5,0,70,babyagi-gpt-4,7,9,10,8,10,8,2.0,2.7,-0.7666666666666666,-0.3999999999999999,-0.5333333333333332,-0.0666666666666666
465,273,Truhn,70,8,8,5,6,8,0,70,babyagi-gpt-4,7,9,10,8,10,8,0.1333333333333337,1.5666666666666664,0.7666666666666666,1.4333333333333336,0.6333333333333337,0.0
466,378,Isabella,70,10,6,2,3,3,0,70,babyagi-gpt-4,7,9,10,8,10,8,1.2333333333333325,-0.333333333333333,-1.0666666666666669,-1.5333333333333332,-3.1,0.0
467,474,Schneider,70,9,6,5,5,7,0,70,babyagi-gpt-4,7,9,10,8,10,8,0.4333333333333335,-1.0333333333333332,-1.0666666666666664,-1.2666666666666666,-0.6333333333333337,-0.0666666666666666
468,581,Kather,70,6,5,4,4,3,0,70,babyagi-gpt-4,7,9,10,8,10,8,-0.5333333333333332,0.7666666666666666,0.6000000000000001,0.7666666666666666,-1.4000000000000004,0.0
469,79,Dyke,74,8,7,5,6,7,0,74,babyagi-gpt-4,7,9,9,8,10,9,-0.166666666666666,-0.5333333333333332,-1.9000000000000004,-1.0999999999999996,-1.0333333333333332,0.0
470,177,Clusmann,74,6,3,3,3,5,0,74,babyagi-gpt-4,7,9,9,8,10,9,0.0,-1.2999999999999998,-0.7666666666666666,-0.3999999999999999,-0.5333333333333332,-0.0666666666666666
471,281,Truhn,74,8,7,5,4,7,0,74,babyagi-gpt-4,7,9,9,8,10,9,0.1333333333333337,0.5666666666666664,0.7666666666666666,-0.5666666666666664,-0.3666666666666662,0.0
472,376,Isabella,74,10,7,2,3,3,0,74,babyagi-gpt-4,7,9,9,8,10,9,1.2333333333333325,0.666666666666667,-1.0666666666666669,-1.5333333333333332,-3.1,0.0
473,495,Schneider,74,9,5,5,4,8,0,74,babyagi-gpt-4,7,9,9,8,10,9,0.4333333333333335,-2.033333333333333,-1.0666666666666664,-2.2666666666666666,0.3666666666666662,-0.0666666666666666
474,578,Kather,74,6,6,3,3,3,0,74,babyagi-gpt-4,7,9,9,8,10,9,-0.5333333333333332,1.7666666666666666,-0.3999999999999999,-0.2333333333333334,-1.4000000000000004,0.0
475,80,Dyke,43,8,6,6,6,7,0,43,cot-gpt-4-manual-cot,7,8,7,7,8,8,-0.1999999999999993,-1.5999999999999996,-1.4000000000000004,-1.5999999999999996,-1.0,-0.1
476,180,Clusmann,43,8,8,6,6,6,0,43,cot-gpt-4-manual-cot,7,8,7,7,8,8,0.7999999999999998,0.7999999999999998,-0.0999999999999996,-0.2000000000000001,-0.5999999999999996,0.0
477,280,Truhn,43,8,6,5,5,7,0,43,cot-gpt-4-manual-cot,7,8,7,7,8,8,-0.1999999999999993,-0.9000000000000004,0.0999999999999996,-0.5999999999999996,-0.4000000000000003,0.0
478,383,Isabella,43,10,9,4,6,6,0,43,cot-gpt-4-manual-cot,7,8,7,7,8,8,0.3000000000000007,0.0999999999999996,-0.2000000000000001,-1.2000000000000002,-0.2000000000000001,0.0
479,494,Schneider,43,9,5,5,6,8,0,43,cot-gpt-4-manual-cot,7,8,7,7,8,8,-0.3636363636363633,-2.8181818181818183,-1.9090909090909087,-1.636363636363637,-0.1818181818181816,0.0
480,577,Kather,43,5,4,2,2,2,0,43,cot-gpt-4-manual-cot,7,8,7,7,8,8,-2.2,-1.2000000000000002,-2.5,-2.0,-2.4000000000000004,0.0
481,81,Dyke,98,9,9,8,8,9,0,98,cot-gpt-4-zero-shot-cot,7,10,10,9,10,9,0.5,1.0,0.2999999999999998,0.0,0.6999999999999993,-0.2
482,173,Clusmann,98,8,9,9,6,7,0,98,cot-gpt-4-zero-shot-cot,7,10,10,9,10,9,0.9000000000000004,2.1,2.7,0.0999999999999996,0.2999999999999998,0.0
483,272,Truhn,98,8,8,5,7,8,0,98,cot-gpt-4-zero-shot-cot,7,10,10,9,10,9,0.2000000000000001,0.7999999999999998,0.0,1.4000000000000004,0.5,0.0
484,375,Isabella,98,10,10,5,8,3,0,98,cot-gpt-4-zero-shot-cot,7,10,10,9,10,9,0.3000000000000007,1.0,0.4000000000000003,0.2000000000000001,-2.8,0.0
485,471,Schneider,98,9,6,7,7,7,0,98,cot-gpt-4-zero-shot-cot,7,10,10,9,10,9,-0.1999999999999993,-1.9000000000000004,0.0,-0.2000000000000001,-0.7000000000000002,0.0
486,579,Kather,98,7,1,2,2,2,0,98,cot-gpt-4-zero-shot-cot,7,10,10,9,10,9,-0.2999999999999998,-5.1,-2.6,-3.5,-3.8,0.0
0,1,Dyke,25,9,8,7,6,9,0,25,camel-gpt4,8,9,10,9,10,8,1.0999999999999996,0.7000000000000002,-0.0999999999999996,-1.4000000000000004,0.6999999999999993,-0.1
1,188,Clusmann,25,8,7,6,6,6,0,25,camel-gpt4,8,9,10,9,10,8,0.7999999999999998,0.0999999999999996,-0.9000000000000004,-0.0999999999999996,-0.2000000000000001,0.0
2,290,Truhn,25,8,5,6,5,7,0,25,camel-gpt4,8,9,10,9,10,8,0.0,-1.9000000000000004,0.2000000000000001,-0.9000000000000004,0.2999999999999998,0.0
3,388,Isabella,25,10,10,4,9,7,0,25,camel-gpt4,8,9,10,9,10,8,0.0,0.5999999999999996,-0.7999999999999998,1.0,0.7000000000000002,0.0
4,437,Schneider,25,9,9,7,7,8,0,25,camel-gpt4,8,9,10,9,10,8,-0.3000000000000007,1.4000000000000004,-0.2999999999999998,-0.5,0.0999999999999996,0.0
5,587,Kather,25,8,4,3,4,4,0,25,camel-gpt4,8,9,10,9,10,8,0.7999999999999998,-1.9000000000000004,-2.2,-1.4000000000000004,-1.2999999999999998,0.0
487,82,Dyke,61,9,8,7,7,8,0,61,babyagi-gpt-4,8,9,10,8,8,8,0.8333333333333339,0.4666666666666668,0.0999999999999996,-0.0999999999999996,-0.0333333333333332,0.0
488,189,Clusmann,61,7,5,5,6,6,0,61,babyagi-gpt-4,8,9,10,8,8,8,1.0,0.7000000000000002,1.2333333333333334,2.6,0.4666666666666668,-0.0666666666666666
489,282,Truhn,61,8,6,5,5,7,0,61,babyagi-gpt-4,8,9,10,8,8,8,0.1333333333333337,-0.4333333333333335,0.7666666666666666,0.4333333333333335,-0.3666666666666662,0.0
490,390,Isabella,61,10,5,3,2,5,0,61,babyagi-gpt-4,8,9,10,8,8,8,1.2333333333333325,-1.333333333333333,-0.0666666666666668,-2.533333333333333,-1.0999999999999996,0.0
491,470,Schneider,61,9,6,6,8,8,0,61,babyagi-gpt-4,8,9,10,8,8,8,0.4333333333333335,-1.0333333333333332,-0.0666666666666664,1.7333333333333334,0.3666666666666662,-0.0666666666666666
492,591,Kather,61,6,3,2,1,2,0,61,babyagi-gpt-4,8,9,10,8,8,8,-0.5333333333333332,-1.2333333333333334,-1.4,-2.2333333333333334,-2.4000000000000004,0.0
493,83,Dyke,12,9,8,8,8,8,0,12,gpt-4,8,9,10,8,10,7,1.2999999999999998,-0.1999999999999993,0.4000000000000003,-0.1999999999999993,-0.4000000000000003,-0.2
494,191,Clusmann,12,7,7,7,8,6,0,12,gpt-4,8,9,10,8,10,7,0.0,-0.9000000000000004,0.2999999999999998,1.2999999999999998,-0.5,-0.1
495,283,Truhn,12,8,7,7,7,7,0,12,gpt-4,8,9,10,8,10,7,0.0,-0.2000000000000001,1.7000000000000002,0.7999999999999998,-0.2999999999999998,0.0
496,393,Isabella,12,10,8,5,9,8,0,12,gpt-4,8,9,10,8,10,7,0.3000000000000007,-0.4000000000000003,0.7000000000000002,1.2000000000000002,2.3,0.0
497,456,Schneider,12,10,10,8,10,8,0,12,gpt-4,8,9,10,8,10,7,1.0,1.7272727272727266,0.7272727272727275,2.1818181818181817,-0.3636363636363633,-0.0909090909090909
498,590,Kather,12,6,4,3,2,3,0,12,gpt-4,8,9,10,8,10,7,-1.2999999999999998,-2.1,-2.0,-2.3,-1.5999999999999996,0.0
499,84,Dyke,94,7,8,7,7,8,0,94,cot-gpt-4-zero-shot-cot,8,8,9,8,10,7,-1.5,0.0,-0.7000000000000002,-1.0,-0.3000000000000007,-0.2
500,183,Clusmann,94,7,7,7,7,7,0,94,cot-gpt-4-zero-shot-cot,8,8,9,8,10,7,-0.0999999999999996,0.0999999999999996,0.7000000000000002,1.0999999999999996,0.2999999999999998,0.0
501,288,Truhn,94,8,7,6,6,8,0,94,cot-gpt-4-zero-shot-cot,8,8,9,8,10,7,0.2000000000000001,-0.2000000000000001,1.0,0.4000000000000003,0.5,0.0
502,392,Isabella,94,10,9,5,8,8,0,94,cot-gpt-4-zero-shot-cot,8,8,9,8,10,7,0.3000000000000007,0.0,0.4000000000000003,0.2000000000000001,2.2,0.0
503,450,Schneider,94,10,9,9,9,7,0,94,cot-gpt-4-zero-shot-cot,8,8,9,8,10,7,0.8000000000000007,1.0999999999999996,2.0,1.7999999999999998,-0.7000000000000002,0.0
504,588,Kather,94,7,7,3,9,7,0,94,cot-gpt-4-zero-shot-cot,8,8,9,8,10,7,-0.2999999999999998,0.9000000000000004,-1.5999999999999996,3.5,1.2000000000000002,0.0
505,85,Dyke,51,8,9,8,8,9,0,51,bard,8,8,9,7,9,7,-0.4000000000000003,1.0999999999999996,0.7999999999999998,0.2000000000000001,0.4000000000000003,-0.3
506,184,Clusmann,51,7,6,6,6,6,0,51,bard,8,8,9,7,9,7,-0.2727272727272725,-0.1818181818181816,0.3636363636363633,0.1818181818181816,-0.0909090909090908,-0.0909090909090909
507,289,Truhn,51,8,7,6,6,7,0,51,bard,8,8,9,7,9,7,0.0999999999999996,0.2999999999999998,1.0999999999999996,0.2999999999999998,0.4000000000000003,0.0
508,386,Isabella,51,10,10,4,8,8,0,51,bard,8,8,9,7,9,7,0.6999999999999993,1.4000000000000004,0.6000000000000001,1.9000000000000004,2.4000000000000004,0.0
509,449,Schneider,51,10,9,7,8,7,0,51,bard,8,8,9,7,9,7,1.125,0.375,-0.5,0.5,-1.625,-0.125
510,592,Kather,51,7,6,4,4,5,0,51,bard,8,8,9,7,9,7,0.0,-0.2000000000000001,-0.5999999999999996,-1.0999999999999996,0.5,0.0
511,86,Dyke,45,8,8,8,8,9,0,45,cot-gpt-4-manual-cot,8,8,9,7,9,8,-0.1999999999999993,0.4000000000000003,0.5999999999999996,0.4000000000000003,1.0,-0.1
512,187,Clusmann,45,7,8,8,7,6,0,45,cot-gpt-4-manual-cot,8,8,9,7,9,8,-0.2000000000000001,0.7999999999999998,1.9000000000000004,0.7999999999999998,-0.5999999999999996,0.0
513,291,Truhn,45,8,7,7,6,7,0,45,cot-gpt-4-manual-cot,8,8,9,7,9,8,-0.1999999999999993,0.0999999999999996,2.1,0.4000000000000003,-0.4000000000000003,0.0
514,389,Isabella,45,10,10,5,7,7,0,45,cot-gpt-4-manual-cot,8,8,9,7,9,8,0.3000000000000007,1.0999999999999996,0.7999999999999998,-0.2000000000000001,0.7999999999999998,0.0
515,491,Schneider,45,9,5,5,5,6,0,45,cot-gpt-4-manual-cot,8,8,9,7,9,8,-0.3636363636363633,-2.8181818181818183,-1.9090909090909087,-2.6363636363636367,-2.1818181818181817,0.0
516,584,Kather,45,8,6,7,5,7,0,45,cot-gpt-4-manual-cot,8,8,9,7,9,8,0.7999999999999998,0.7999999999999998,2.5,1.0,2.6,0.0
517,87,Dyke,68,9,7,7,7,9,0,68,babyagi-gpt-4,8,8,8,7,10,9,0.8333333333333339,-0.5333333333333332,0.0999999999999996,-0.0999999999999996,0.9666666666666668,0.0
518,182,Clusmann,68,7,7,6,6,6,0,68,babyagi-gpt-4,8,8,8,7,10,9,1.0,2.7,2.2333333333333334,2.6,0.4666666666666668,-0.0666666666666666
519,287,Truhn,68,8,7,7,6,7,0,68,babyagi-gpt-4,8,8,8,7,10,9,0.1333333333333337,0.5666666666666664,2.7666666666666666,1.4333333333333336,-0.3666666666666662,0.0
520,391,Isabella,68,9,8,4,6,7,0,68,babyagi-gpt-4,8,8,8,7,10,9,0.2333333333333325,1.666666666666667,0.9333333333333332,1.4666666666666668,0.9000000000000004,0.0
521,413,Schneider,68,8,7,7,7,9,0,68,babyagi-gpt-4,8,8,8,7,10,9,-0.5666666666666664,-0.0333333333333332,0.9333333333333336,0.7333333333333334,1.3666666666666665,-0.0666666666666666
522,583,Kather,68,6,5,3,3,2,0,68,babyagi-gpt-4,8,8,8,7,10,9,-0.5333333333333332,0.7666666666666666,-0.3999999999999999,-0.2333333333333334,-2.4000000000000004,0.0
523,88,Dyke,31,9,8,7,8,9,0,31,gpt-3.5-turbo,8,9,9,8,10,7,0.5,-0.0999999999999996,0.0999999999999996,0.7000000000000002,0.8000000000000007,-0.1
524,185,Clusmann,31,7,6,5,5,6,0,31,gpt-3.5-turbo,8,9,9,8,10,7,-0.5999999999999996,-1.5999999999999996,-1.7000000000000002,-1.0999999999999996,-0.4000000000000003,0.0
525,285,Truhn,31,8,7,6,5,8,0,31,gpt-3.5-turbo,8,9,9,8,10,7,0.0,0.2000000000000001,0.5,-0.9000000000000004,0.7999999999999998,0.0
526,387,Isabella,31,10,10,3,5,7,0,31,gpt-3.5-turbo,8,9,9,8,10,7,0.0999999999999996,1.0,-0.7000000000000002,-2.3,0.5999999999999996,0.0
527,453,Schneider,31,10,8,6,5,7,0,31,gpt-3.5-turbo,8,9,9,8,10,7,0.9000000000000004,-0.4000000000000003,-1.2000000000000002,-2.3,-0.9000000000000004,0.0
528,585,Kather,31,4,2,3,2,4,0,31,gpt-3.5-turbo,8,9,9,8,10,7,-2.3,-3.1,-1.0999999999999996,-1.7999999999999998,-1.0999999999999996,0.0
529,89,Dyke,2,7,8,7,8,8,0,2,llama-2-7b-chat,8,9,10,7,10,8,-1.4000000000000004,-0.5999999999999996,-0.4000000000000003,0.2999999999999998,-0.3000000000000007,0.0
530,186,Clusmann,2,7,7,6,6,6,0,2,llama-2-7b-chat,8,9,10,7,10,8,-0.4000000000000003,-0.7999999999999998,-0.2999999999999998,-0.0999999999999996,-0.5,0.0
531,284,Truhn,2,8,6,4,5,7,0,2,llama-2-7b-chat,8,9,10,7,10,8,0.0,-0.5999999999999996,-0.7999999999999998,-0.2000000000000001,-0.2000000000000001,0.0
532,394,Isabella,2,9,5,10,4,6,0,2,llama-2-7b-chat,8,9,10,7,10,8,-0.5,-3.3000000000000007,5.1,-3.3,-0.5999999999999996,0.0
533,454,Schneider,2,9,8,7,6,8,0,2,llama-2-7b-chat,8,9,10,7,10,8,-0.1999999999999993,0.5,0.5999999999999996,-0.7000000000000002,0.4000000000000003,0.0
534,586,Kather,2,6,5,4,3,4,0,2,llama-2-7b-chat,8,9,10,7,10,8,-0.5999999999999996,-0.5999999999999996,-0.5999999999999996,-1.5999999999999996,-0.5999999999999996,0.0
535,90,Dyke,88,8,7,7,8,8,0,88,babyagi-gpt-4,8,9,10,8,10,8,-0.166666666666666,-0.5333333333333332,0.0999999999999996,0.9000000000000004,-0.0333333333333332,0.0
536,190,Clusmann,88,7,7,6,6,6,0,88,babyagi-gpt-4,8,9,10,8,10,8,1.0,2.7,2.2333333333333334,2.6,0.4666666666666668,-0.0666666666666666
537,286,Truhn,88,8,7,6,7,8,0,88,babyagi-gpt-4,8,9,10,8,10,8,0.1333333333333337,0.5666666666666664,1.7666666666666666,2.4333333333333336,0.6333333333333337,0.0
538,385,Isabella,88,10,9,3,6,7,0,88,babyagi-gpt-4,8,9,10,8,10,8,1.2333333333333325,2.666666666666667,-0.0666666666666668,1.4666666666666668,0.9000000000000004,0.0
539,499,Schneider,88,10,7,6,6,7,0,88,babyagi-gpt-4,8,9,10,8,10,8,1.4333333333333336,-0.0333333333333332,-0.0666666666666664,-0.2666666666666666,-0.6333333333333337,-0.0666666666666666
540,589,Kather,88,8,4,5,4,5,0,88,babyagi-gpt-4,8,9,10,8,10,8,1.4666666666666668,-0.2333333333333334,1.6,0.7666666666666666,0.5999999999999996,0.0
541,91,Dyke,96,8,7,8,8,8,0,96,cot-gpt-4-zero-shot-cot,9,9,10,7,9,8,-0.5,-1.0,0.2999999999999998,0.0,-0.3000000000000007,-0.2
542,192,Clusmann,96,7,4,5,3,5,0,96,cot-gpt-4-zero-shot-cot,9,9,10,7,9,8,-0.0999999999999996,-2.9000000000000004,-1.2999999999999998,-2.9000000000000004,-1.7000000000000002,0.0
543,300,Truhn,96,8,8,6,6,8,0,96,cot-gpt-4-zero-shot-cot,9,9,10,7,9,8,0.2000000000000001,0.7999999999999998,1.0,0.4000000000000003,0.5,0.0
544,397,Isabella,96,10,8,7,9,9,0,96,cot-gpt-4-zero-shot-cot,9,9,10,7,9,8,0.3000000000000007,-1.0,2.4000000000000004,1.2000000000000002,3.2,0.0
545,410,Schneider,96,9,8,6,7,7,0,96,cot-gpt-4-zero-shot-cot,9,9,10,7,9,8,-0.1999999999999993,0.0999999999999996,-1.0,-0.2000000000000001,-0.7000000000000002,0.0
546,601,Kather,96,5,6,4,6,6,0,96,cot-gpt-4-zero-shot-cot,9,9,10,7,9,8,-2.3,-0.0999999999999996,-0.5999999999999996,0.5,0.2000000000000001,0.0
547,92,Dyke,52,10,9,8,8,9,0,52,bard,9,8,9,7,9,8,1.5999999999999996,1.0999999999999996,0.7999999999999998,0.2000000000000001,0.4000000000000003,-0.3
548,200,Clusmann,52,5,5,6,5,4,1,52,bard,9,8,9,7,9,8,-2.2727272727272725,-1.1818181818181817,0.3636363636363633,-0.8181818181818183,-2.090909090909091,0.9090909090909092
549,292,Truhn,52,8,7,7,7,7,0,52,bard,9,8,9,7,9,8,0.0999999999999996,0.2999999999999998,2.1,1.2999999999999998,0.4000000000000003,0.0
550,304,Isabella,52,9,9,3,3,6,0,52,bard,9,8,9,7,9,8,-0.3000000000000007,0.4000000000000003,-0.3999999999999999,-3.1,0.4000000000000003,0.0
551,430,Schneider,52,8,8,8,6,8,0,52,bard,9,8,9,7,9,8,-0.875,-0.625,0.5,-1.5,-0.625,-0.125
552,593,Kather,52,7,5,4,2,3,0,52,bard,9,8,9,7,9,8,0.0,-1.2000000000000002,-0.5999999999999996,-3.1,-1.5,0.0
553,93,Dyke,40,8,9,7,7,9,0,40,gpt-3.5-turbo,9,9,10,7,9,8,-0.5,0.9000000000000004,0.0999999999999996,-0.2999999999999998,0.8000000000000007,-0.1
554,194,Clusmann,40,7,6,4,5,6,0,40,gpt-3.5-turbo,9,9,10,7,9,8,-0.5999999999999996,-1.5999999999999996,-2.7,-1.0999999999999996,-0.4000000000000003,0.0
555,293,Truhn,40,8,8,7,8,8,0,40,gpt-3.5-turbo,9,9,10,7,9,8,0.0,1.2000000000000002,1.5,2.1,0.7999999999999998,0.0
556,403,Isabella,40,10,8,4,7,6,0,40,gpt-3.5-turbo,9,9,10,7,9,8,0.0999999999999996,-1.0,0.2999999999999998,-0.2999999999999998,-0.4000000000000003,0.0
557,421,Schneider,40,9,8,8,8,8,0,40,gpt-3.5-turbo,9,9,10,7,9,8,-0.0999999999999996,-0.4000000000000003,0.7999999999999998,0.7000000000000002,0.0999999999999996,0.0
558,598,Kather,40,3,3,2,1,3,0,40,gpt-3.5-turbo,9,9,10,7,9,8,-3.3,-2.1,-2.1,-2.8,-2.1,0.0
559,94,Dyke,20,0,9,8,8,9,0,20,gpt-4,9,9,10,8,10,8,-7.7,0.8000000000000007,0.4000000000000003,-0.1999999999999993,0.5999999999999996,-0.2
560,198,Clusmann,20,7,9,8,8,7,0,20,gpt-4,9,9,10,8,10,8,0.0,1.0999999999999996,1.2999999999999998,1.2999999999999998,0.5,-0.1
561,295,Truhn,20,8,7,3,3,8,0,20,gpt-4,9,9,10,8,10,8,0.0,-0.2000000000000001,-2.3,-3.2,0.7000000000000002,0.0
562,400,Isabella,20,10,9,5,7,6,0,20,gpt-4,9,9,10,8,10,8,0.3000000000000007,0.5999999999999996,0.7000000000000002,-0.7999999999999998,0.2999999999999998,0.0
563,489,Schneider,20,9,7,6,7,7,0,20,gpt-4,9,9,10,8,10,8,0.0,-1.2727272727272734,-1.2727272727272725,-0.8181818181818183,-1.363636363636363,-0.0909090909090909
564,596,Kather,20,8,6,2,3,5,0,20,gpt-4,9,9,10,8,10,8,0.7000000000000002,-0.0999999999999996,-3.0,-1.2999999999999998,0.4000000000000003,0.0
565,95,Dyke,84,9,8,6,6,8,0,84,babyagi-gpt-4,9,8,8,7,7,6,0.8333333333333339,0.4666666666666668,-0.9000000000000004,-1.0999999999999996,-0.0333333333333332,0.0
566,193,Clusmann,84,7,7,7,3,6,0,84,babyagi-gpt-4,9,8,8,7,7,6,1.0,2.7,3.2333333333333334,-0.3999999999999999,0.4666666666666668,-0.0666666666666666
567,294,Truhn,84,8,8,7,7,8,0,84,babyagi-gpt-4,9,8,8,7,7,6,0.1333333333333337,1.5666666666666664,2.7666666666666666,2.4333333333333336,0.6333333333333337,0.0
568,395,Isabella,84,9,7,5,8,7,0,84,babyagi-gpt-4,9,8,8,7,7,6,0.2333333333333325,0.666666666666667,1.933333333333333,3.466666666666667,0.9000000000000004,0.0
569,472,Schneider,84,9,7,6,8,7,0,84,babyagi-gpt-4,9,8,8,7,7,6,0.4333333333333335,-0.0333333333333332,-0.0666666666666664,1.7333333333333334,-0.6333333333333337,-0.0666666666666666
570,595,Kather,84,8,8,6,7,8,0,84,babyagi-gpt-4,9,8,8,7,7,6,1.4666666666666668,3.7666666666666666,2.6,3.7666666666666666,3.6,0.0
571,96,Dyke,83,8,8,6,7,8,0,83,babyagi-gpt-4,9,9,9,7,10,8,-0.166666666666666,0.4666666666666668,-0.9000000000000004,-0.0999999999999996,-0.0333333333333332,0.0
572,197,Clusmann,83,3,3,10,3,2,2,83,babyagi-gpt-4,9,9,9,7,10,8,-3.0,-1.2999999999999998,6.233333333333333,-0.3999999999999999,-3.533333333333333,1.9333333333333331
573,299,Truhn,83,8,7,4,3,8,0,83,babyagi-gpt-4,9,9,9,7,10,8,0.1333333333333337,0.5666666666666664,-0.2333333333333334,-1.5666666666666664,0.6333333333333337,0.0
574,398,Isabella,83,9,4,3,2,4,0,83,babyagi-gpt-4,9,9,9,7,10,8,0.2333333333333325,-2.333333333333333,-0.0666666666666668,-2.533333333333333,-2.1,0.0
575,483,Schneider,83,9,6,6,6,7,0,83,babyagi-gpt-4,9,9,9,7,10,8,0.4333333333333335,-1.0333333333333332,-0.0666666666666664,-0.2666666666666666,-0.6333333333333337,-0.0666666666666666
576,538,Kather,83,5,2,2,2,4,0,83,babyagi-gpt-4,9,9,9,7,10,8,-1.5333333333333332,-2.2333333333333334,-1.4,-1.2333333333333334,-0.4000000000000003,0.0
577,97,Dyke,28,8,7,7,7,8,0,28,camel-gpt4,9,8,9,7,9,8,0.0999999999999996,-0.2999999999999998,-0.0999999999999996,-0.4000000000000003,-0.3000000000000007,-0.1
578,196,Clusmann,28,7,5,5,4,5,0,28,camel-gpt4,9,8,9,7,9,8,-0.2000000000000001,-1.9000000000000004,-1.9000000000000004,-2.1,-1.2000000000000002,0.0
579,298,Truhn,28,8,7,6,5,7,0,28,camel-gpt4,9,8,9,7,9,8,0.0,0.0999999999999996,0.2000000000000001,-0.9000000000000004,0.2999999999999998,0.0
580,402,Isabella,28,10,8,6,8,7,0,28,camel-gpt4,9,8,9,7,9,8,0.0,-1.4000000000000004,1.2000000000000002,0.0,0.7000000000000002,0.0
581,423,Schneider,28,9,6,6,6,8,0,28,camel-gpt4,9,8,9,7,9,8,-0.3000000000000007,-1.5999999999999996,-1.2999999999999998,-1.5,0.0999999999999996,0.0
582,599,Kather,28,5,2,2,2,3,0,28,camel-gpt4,9,8,9,7,9,8,-2.2,-3.9,-3.2,-3.4000000000000004,-2.3,0.0
583,98,Dyke,10,9,9,8,7,7,0,10,llama-2-7b-chat,9,10,10,8,10,9,0.5999999999999996,0.4000000000000003,0.5999999999999996,-0.7000000000000002,-1.3000000000000007,0.0
584,201,Clusmann,10,7,7,6,5,6,0,10,llama-2-7b-chat,9,10,10,8,10,9,-0.4000000000000003,-0.7999999999999998,-0.2999999999999998,-1.0999999999999996,-0.5,0.0
585,301,Truhn,10,8,7,4,4,8,0,10,llama-2-7b-chat,9,10,10,8,10,9,0.0,0.4000000000000003,-0.7999999999999998,-1.2000000000000002,0.7999999999999998,0.0
586,401,Isabella,10,10,8,4,6,8,0,10,llama-2-7b-chat,9,10,10,8,10,9,0.5,-0.3000000000000007,-0.9000000000000004,-1.2999999999999998,1.4000000000000004,0.0
587,480,Schneider,10,9,6,5,5,7,0,10,llama-2-7b-chat,9,10,10,8,10,9,-0.1999999999999993,-1.5,-1.4000000000000004,-1.7000000000000002,-0.5999999999999996,0.0
588,594,Kather,10,7,5,3,2,3,0,10,llama-2-7b-chat,9,10,10,8,10,9,0.4000000000000003,-0.5999999999999996,-1.5999999999999996,-2.6,-1.5999999999999996,0.0
589,99,Dyke,47,8,8,7,6,7,0,47,cot-gpt-4-manual-cot,9,10,9,8,9,9,-0.1999999999999993,0.4000000000000003,-0.4000000000000003,-1.5999999999999996,-1.0,-0.1
590,199,Clusmann,47,7,7,5,5,6,0,47,cot-gpt-4-manual-cot,9,10,9,8,9,9,-0.2000000000000001,-0.2000000000000001,-1.0999999999999996,-1.2000000000000002,-0.5999999999999996,0.0
591,297,Truhn,47,8,7,5,5,8,0,47,cot-gpt-4-manual-cot,9,10,9,8,9,9,-0.1999999999999993,0.0999999999999996,0.0999999999999996,-0.5999999999999996,0.5999999999999996,0.0
592,396,Isabella,47,8,6,4,5,6,0,47,cot-gpt-4-manual-cot,9,10,9,8,9,9,-1.6999999999999993,-2.9000000000000004,-0.2000000000000001,-2.2,-0.2000000000000001,0.0
593,476,Schneider,47,9,6,5,6,8,0,47,cot-gpt-4-manual-cot,9,10,9,8,9,9,-0.3636363636363633,-1.8181818181818183,-1.9090909090909087,-1.636363636363637,-0.1818181818181816,0.0
594,600,Kather,47,7,3,2,3,3,0,47,cot-gpt-4-manual-cot,9,10,9,8,9,9,-0.2000000000000001,-2.2,-2.5,-1.0,-1.4000000000000004,0.0
595,100,Dyke,62,9,8,6,7,8,0,62,babyagi-gpt-4,9,8,9,7,10,8,0.8333333333333339,0.4666666666666668,-0.9000000000000004,-0.0999999999999996,-0.0333333333333332,0.0
596,195,Clusmann,62,7,7,6,5,6,0,62,babyagi-gpt-4,9,8,9,7,10,8,1.0,2.7,2.2333333333333334,1.6,0.4666666666666668,-0.0666666666666666
597,296,Truhn,62,8,7,6,5,7,0,62,babyagi-gpt-4,9,8,9,7,10,8,0.1333333333333337,0.5666666666666664,1.7666666666666666,0.4333333333333335,-0.3666666666666662,0.0
598,399,Isabella,62,10,7,6,7,8,0,62,babyagi-gpt-4,9,8,9,7,10,8,1.2333333333333325,0.666666666666667,2.933333333333333,2.466666666666667,1.9000000000000004,0.0
599,417,Schneider,62,8,7,6,6,9,0,62,babyagi-gpt-4,9,8,9,7,10,8,-0.5666666666666664,-0.0333333333333332,-0.0666666666666664,-0.2666666666666666,1.3666666666666665,-0.0666666666666666
600,597,Kather,62,8,9,4,9,8,0,62,babyagi-gpt-4,9,8,9,7,10,8,1.4666666666666668,4.766666666666667,0.6000000000000001,5.766666666666667,3.6,0.0
73,13,Dyke,58,9,8,7,8,9,0,58,bard,10,9,9,8,9,8,0.5999999999999996,0.0999999999999996,-0.2000000000000001,0.2000000000000001,0.4000000000000003,-0.3
74,118,Clusmann,58,7,7,5,5,6,0,58,bard,10,9,9,8,9,8,-0.2727272727272725,0.8181818181818183,-0.6363636363636367,-0.8181818181818183,-0.0909090909090908,-0.0909090909090909
75,218,Truhn,58,8,7,4,2,6,0,58,bard,10,9,9,8,9,8,0.0999999999999996,0.2999999999999998,-0.9000000000000004,-3.7,-0.5999999999999996,0.0
76,318,Isabella,58,7,6,3,5,6,0,58,bard,10,9,9,8,9,8,-2.3000000000000007,-2.6,-0.3999999999999999,-1.0999999999999996,0.4000000000000003,0.0
77,404,Schneider,58,9,9,8,8,9,0,58,bard,10,9,9,8,9,8,0.125,0.375,0.5,0.5,0.375,-0.125
78,517,Kather,58,7,6,3,6,6,0,58,bard,10,9,9,8,9,8,0.0,-0.2000000000000001,-1.5999999999999996,0.9000000000000004,1.5,0.0
79,14,Dyke,80,6,8,7,6,8,0,80,babyagi-gpt-4,10,9,8,8,10,9,-2.166666666666666,0.4666666666666668,0.0999999999999996,-1.0999999999999996,-0.0333333333333332,0.0
80,119,Clusmann,80,4,4,3,1,5,0,80,babyagi-gpt-4,10,9,8,8,10,9,-2.0,-0.2999999999999998,-0.7666666666666666,-2.4,-0.5333333333333332,-0.0666666666666666
81,214,Truhn,80,7,5,3,3,7,0,80,babyagi-gpt-4,10,9,8,8,10,9,-0.8666666666666663,-1.4333333333333336,-1.2333333333333334,-1.5666666666666664,-0.3666666666666662,0.0
82,321,Isabella,80,6,4,2,2,5,0,80,babyagi-gpt-4,10,9,8,8,10,9,-2.7666666666666675,-2.333333333333333,-1.0666666666666669,-2.533333333333333,-1.0999999999999996,0.0
83,488,Schneider,80,9,5,5,5,7,0,80,babyagi-gpt-4,10,9,8,8,10,9,0.4333333333333335,-2.033333333333333,-1.0666666666666664,-1.2666666666666666,-0.6333333333333337,-0.0666666666666666
84,514,Kather,80,6,6,2,3,3,0,80,babyagi-gpt-4,10,9,8,8,10,9,-0.5333333333333332,1.7666666666666666,-1.4,-0.2333333333333334,-1.4000000000000004,0.0
85,15,Dyke,36,8,5,6,7,8,1,36,gpt-3.5-turbo,10,9,9,7,8,9,-0.5,-3.1,-0.9000000000000004,-0.2999999999999998,-0.1999999999999993,0.9
86,113,Clusmann,36,9,8,7,7,8,0,36,gpt-3.5-turbo,10,9,9,7,8,9,1.4000000000000004,0.4000000000000003,0.2999999999999998,0.9000000000000004,1.5999999999999996,0.0
87,216,Truhn,36,8,4,4,2,7,0,36,gpt-3.5-turbo,10,9,9,7,8,9,0.0,-2.8,-1.5,-3.9,-0.2000000000000001,0.0
88,323,Isabella,36,10,8,4,8,6,0,36,gpt-3.5-turbo,10,9,9,7,8,9,0.0999999999999996,-1.0,0.2999999999999998,0.7000000000000002,-0.4000000000000003,0.0
89,412,Schneider,36,9,9,6,7,9,0,36,gpt-3.5-turbo,10,9,9,7,8,9,-0.0999999999999996,0.5999999999999996,-1.2000000000000002,-0.2999999999999998,1.0999999999999996,0.0
90,518,Kather,36,8,6,5,3,5,0,36,gpt-3.5-turbo,10,9,9,7,8,9,1.7000000000000002,0.9000000000000004,0.9000000000000004,-0.7999999999999998,-0.0999999999999996,0.0
91,16,Dyke,95,8,7,10,8,7,1,95,cot-gpt-4-zero-shot-cot,10,9,8,7,8,9,-0.5,-1.0,2.3,0.0,-1.3000000000000007,0.8
92,112,Clusmann,95,6,6,3,5,5,0,95,cot-gpt-4-zero-shot-cot,10,9,8,7,8,9,-1.0999999999999996,-0.9000000000000004,-3.3,-0.9000000000000004,-1.7000000000000002,0.0
93,202,Truhn,95,8,7,3,6,7,0,95,cot-gpt-4-zero-shot-cot,10,9,8,7,8,9,0.2000000000000001,-0.2000000000000001,-2.0,0.4000000000000003,-0.5,0.0
94,317,Isabella,95,10,9,3,10,6,0,95,cot-gpt-4-zero-shot-cot,10,9,8,7,8,9,0.3000000000000007,0.0,-1.5999999999999996,2.2,0.2000000000000001,0.0
95,447,Schneider,95,8,7,6,6,7,0,95,cot-gpt-4-zero-shot-cot,10,9,8,7,8,9,-1.1999999999999993,-0.9000000000000004,-1.0,-1.2000000000000002,-0.7000000000000002,0.0
96,516,Kather,95,7,5,4,4,6,0,95,cot-gpt-4-zero-shot-cot,10,9,8,7,8,9,-0.2999999999999998,-1.0999999999999996,-0.5999999999999996,-1.5,0.2000000000000001,0.0
97,17,Dyke,19,7,8,7,8,7,0,19,gpt-4,10,9,9,7,9,8,-0.7000000000000002,-0.1999999999999993,-0.5999999999999996,-0.1999999999999993,-1.4000000000000004,-0.2
98,116,Clusmann,19,4,6,5,7,7,1,19,gpt-4,10,9,9,7,9,8,-3.0,-1.9000000000000004,-1.7000000000000002,0.2999999999999998,0.5,0.9
99,215,Truhn,19,8,7,5,5,7,0,19,gpt-4,10,9,9,7,9,8,0.0,-0.2000000000000001,-0.2999999999999998,-1.2000000000000002,-0.2999999999999998,0.0
100,319,Isabella,19,10,8,4,6,6,0,19,gpt-4,10,9,9,7,9,8,0.3000000000000007,-0.4000000000000003,-0.2999999999999998,-1.7999999999999998,0.2999999999999998,0.0
101,468,Schneider,19,8,8,5,6,8,0,19,gpt-4,10,9,9,7,9,8,-1.0,-0.2727272727272734,-2.2727272727272725,-1.8181818181818183,-0.3636363636363633,-0.0909090909090909
102,520,Kather,19,6,6,4,3,4,0,19,gpt-4,10,9,9,7,9,8,-1.2999999999999998,-0.0999999999999996,-1.0,-1.2999999999999998,-0.5999999999999996,0.0
103,18,Dyke,8,8,10,8,6,7,0,8,llama-2-7b-chat,10,9,10,8,9,7,-0.4000000000000003,1.4000000000000004,0.5999999999999996,-1.7000000000000002,-1.3000000000000007,0.0
104,115,Clusmann,8,7,9,8,6,7,0,8,llama-2-7b-chat,10,9,10,8,9,7,-0.4000000000000003,1.2000000000000002,1.7000000000000002,-0.0999999999999996,0.5,0.0
105,220,Truhn,8,8,6,4,5,7,0,8,llama-2-7b-chat,10,9,10,8,9,7,0.0,-0.5999999999999996,-0.7999999999999998,-0.2000000000000001,-0.2000000000000001,0.0
106,316,Isabella,8,10,9,3,10,6,0,8,llama-2-7b-chat,10,9,10,8,9,7,0.5,0.6999999999999993,-1.9000000000000004,2.7,-0.5999999999999996,0.0
107,492,Schneider,8,9,8,6,7,7,0,8,llama-2-7b-chat,10,9,10,8,9,7,-0.1999999999999993,0.5,-0.4000000000000003,0.2999999999999998,-0.5999999999999996,0.0
108,515,Kather,8,8,7,7,7,6,0,8,llama-2-7b-chat,10,9,10,8,9,7,1.4000000000000004,1.4000000000000004,2.4000000000000004,2.4000000000000004,1.4000000000000004,0.0
109,19,Dyke,46,7,8,7,7,8,0,46,cot-gpt-4-manual-cot,10,9,9,7,8,8,-1.1999999999999993,0.4000000000000003,-0.4000000000000003,-0.5999999999999996,0.0,-0.1
110,117,Clusmann,46,7,8,5,6,7,0,46,cot-gpt-4-manual-cot,10,9,9,7,8,8,-0.2000000000000001,0.7999999999999998,-1.0999999999999996,-0.2000000000000001,0.4000000000000003,0.0
111,221,Truhn,46,8,6,2,4,7,0,46,cot-gpt-4-manual-cot,10,9,9,7,8,8,-0.1999999999999993,-0.9000000000000004,-2.9000000000000004,-1.5999999999999996,-0.4000000000000003,0.0
112,324,Isabella,46,10,10,5,6,6,0,46,cot-gpt-4-manual-cot,10,9,9,7,8,8,0.3000000000000007,1.0999999999999996,0.7999999999999998,-1.2000000000000002,-0.2000000000000001,0.0
113,408,Schneider,46,9,9,7,9,9,0,46,cot-gpt-4-manual-cot,10,9,9,7,8,8,-0.3636363636363633,1.1818181818181817,0.0909090909090908,1.363636363636363,0.8181818181818183,0.0
114,521,Kather,46,8,6,6,5,6,0,46,cot-gpt-4-manual-cot,10,9,9,7,8,8,0.7999999999999998,0.7999999999999998,1.5,1.0,1.5999999999999996,0.0
115,20,Dyke,79,8,7,8,9,9,0,79,babyagi-gpt-4,10,8,8,7,8,7,-0.166666666666666,-0.5333333333333332,1.0999999999999996,1.9000000000000004,0.9666666666666668,0.0
116,114,Clusmann,79,4,2,4,4,8,0,79,babyagi-gpt-4,10,8,8,7,8,7,-2.0,-2.3,0.2333333333333334,0.6000000000000001,2.466666666666667,-0.0666666666666666
117,219,Truhn,79,9,5,2,2,7,0,79,babyagi-gpt-4,10,8,8,7,8,7,1.1333333333333335,-1.4333333333333336,-2.2333333333333334,-2.5666666666666664,-0.3666666666666662,0.0
118,322,Isabella,79,6,3,2,2,3,0,79,babyagi-gpt-4,10,8,8,7,8,7,-2.7666666666666675,-3.333333333333333,-1.0666666666666669,-2.533333333333333,-3.1,0.0
119,427,Schneider,79,9,7,7,7,8,0,79,babyagi-gpt-4,10,8,8,7,8,7,0.4333333333333335,-0.0333333333333332,0.9333333333333336,0.7333333333333334,0.3666666666666662,-0.0666666666666666
120,513,Kather,79,7,4,3,3,7,0,79,babyagi-gpt-4,10,8,8,7,8,7,0.4666666666666668,-0.2333333333333334,-0.3999999999999999,-0.2333333333333334,2.6,0.0
121,21,Dyke,86,8,6,7,5,7,0,86,babyagi-gpt-4,10,8,9,7,9,7,-0.166666666666666,-1.5333333333333332,0.0999999999999996,-2.1,-1.0333333333333332,0.0
122,120,Clusmann,86,7,6,5,4,8,0,86,babyagi-gpt-4,10,8,9,7,9,7,1.0,1.7000000000000002,1.2333333333333334,0.6000000000000001,2.466666666666667,-0.0666666666666666
123,213,Truhn,86,7,6,3,3,7,0,86,babyagi-gpt-4,10,8,9,7,9,7,-0.8666666666666663,-0.4333333333333335,-1.2333333333333334,-1.5666666666666664,-0.3666666666666662,0.0
124,315,Isabella,86,5,3,1,1,3,0,86,babyagi-gpt-4,10,8,9,7,9,7,-3.766666666666668,-3.333333333333333,-2.066666666666667,-3.533333333333333,-3.1,0.0
125,501,Schneider,86,9,7,6,7,7,0,86,babyagi-gpt-4,10,8,9,7,9,7,0.4333333333333335,-0.0333333333333332,-0.0666666666666664,0.7333333333333334,-0.6333333333333337,-0.0666666666666666
126,502,Kather,86,10,2,2,3,7,0,86,babyagi-gpt-4,10,8,9,7,9,7,3.466666666666667,-2.2333333333333334,-1.4,-0.2333333333333334,2.6,0.0
127,22,Dyke,22,6,7,6,7,7,1,22,camel-gpt4,10,9,9,7,10,8,-1.9000000000000004,-0.2999999999999998,-1.0999999999999996,-0.4000000000000003,-1.3000000000000007,0.9
128,111,Clusmann,22,9,9,9,9,7,0,22,camel-gpt4,10,9,9,7,10,8,1.7999999999999998,2.1,2.1,2.9000000000000004,0.7999999999999998,0.0
129,217,Truhn,22,8,6,3,3,6,0,22,camel-gpt4,10,9,9,7,10,8,0.0,-0.9000000000000004,-2.8,-2.9000000000000004,-0.7000000000000002,0.0
130,320,Isabella,22,10,8,4,6,6,0,22,camel-gpt4,10,9,9,7,10,8,0.0,-1.4000000000000004,-0.7999999999999998,-2.0,-0.2999999999999998,0.0
131,485,Schneider,22,9,7,7,7,8,0,22,camel-gpt4,10,9,9,7,10,8,-0.3000000000000007,-0.5999999999999996,-0.2999999999999998,-0.5,0.0999999999999996,0.0
132,519,Kather,22,8,8,8,8,8,0,22,camel-gpt4,10,9,9,7,10,8,0.7999999999999998,2.1,2.8,2.6,2.7,0.0
