197,Clusmann,83,3,3,10,3,2,2,2023-08-28 08:41:54.797786
15,Dyke,36,8,5,6,7,8,1,2023-08-23 23:40:15.364128
16,Dyke,95,8,7,10,8,7,1,2023-08-23 23:48:25.561012
22,Dyke,22,6,7,6,7,7,1,2023-08-24 00:07:37.350286
24,Dyke,97,10,10,10,10,10,1,2023-08-24 00:10:19.465271
39,Dyke,41,8,8,9,9,8,1,2023-08-24 08:27:59.581166
41,Dyke,16,8,7,7,9,8,1,2023-08-24 08:32:18.210031
42,Dyke,100,8,8,7,10,9,1,2023-08-24 08:35:22.826889
52,Dyke,55,8,7,7,7,9,1,2023-08-24 09:59:44.324536
63,Dyke,13,9,9,7,8,9,1,2023-08-24 10:16:13.495506
66,Dyke,53,7,6,7,5,6,1,2023-08-24 10:20:33.738338
116,Clusmann,19,4,6,5,7,7,1,2023-08-27 10:37:54.644777
200,Clusmann,52,5,5,6,5,4,1,2023-08-28 08:46:57.715771
407,Schneider,17,9,8,7,8,9,1,2023-08-21 17:53:46.638176
409,Schneider,56,8,9,7,9,10,1,2023-08-21 17:56:38.509023
443,Schneider,60,7,6,5,5,6,1,2023-08-21 22:52:41.868966
445,Schneider,81,8,8,5,5,7,1,2023-08-21 22:57:01.858180
1,Dyke,25,9,8,7,6,9,0,2023-08-23 17:22:31.331469
2,Dyke,14,10,9,9,9,10,0,2023-08-23 17:24:05.058176
3,Dyke,33,8,9,7,7,8,0,2023-08-23 17:42:17.769596
4,Dyke,21,8,8,6,7,8,0,2023-08-23 23:21:26.794526
5,Dyke,93,9,8,7,8,7,0,2023-08-23 23:23:48.042431
6,Dyke,73,8,7,7,6,9,0,2023-08-23 23:24:59.370132
7,Dyke,7,9,10,8,9,9,0,2023-08-23 23:26:50.149138
8,Dyke,49,8,7,8,8,8,0,2023-08-23 23:28:32.896036
9,Dyke,87,9,6,5,5,6,0,2023-08-23 23:30:10.251418
10,Dyke,67,8,8,8,9,8,0,2023-08-23 23:31:33.647414
11,Dyke,57,8,7,6,8,9,0,2023-08-23 23:33:08.551034
12,Dyke,27,8,7,9,8,8,0,2023-08-23 23:34:47.734194
13,Dyke,58,9,8,7,8,9,0,2023-08-23 23:36:10.126749
14,Dyke,80,6,8,7,6,8,0,2023-08-23 23:37:21.418030
17,Dyke,19,7,8,7,8,7,0,2023-08-23 23:50:04.872649
18,Dyke,8,8,10,8,6,7,0,2023-08-23 23:52:12.772200
19,Dyke,46,7,8,7,7,8,0,2023-08-23 23:54:41.159887
20,Dyke,79,8,7,8,9,9,0,2023-08-23 23:55:40.458460
21,Dyke,86,8,6,7,5,7,0,2023-08-24 00:05:34.140177
23,Dyke,78,9,9,9,9,10,0,2023-08-24 00:09:05.132401
25,Dyke,38,9,9,8,7,8,0,2023-08-24 00:11:36.995024
26,Dyke,30,8,7,8,9,8,0,2023-08-24 00:13:15.052170
27,Dyke,75,8,7,7,8,8,0,2023-08-24 00:14:47.974781
28,Dyke,54,9,9,8,9,9,0,2023-08-24 00:16:05.869763
29,Dyke,6,6,8,7,7,8,0,2023-08-24 00:19:48.258096
30,Dyke,48,8,7,7,8,8,0,2023-08-24 00:20:41.301207
31,Dyke,18,8,7,6,8,7,0,2023-08-24 00:21:53.570963
32,Dyke,63,7,8,8,7,7,0,2023-08-24 00:23:25.336852
33,Dyke,24,8,7,6,7,8,0,2023-08-24 07:20:19.627890
34,Dyke,59,9,7,6,7,9,0,2023-08-24 07:21:56.319446
35,Dyke,72,8,7,7,7,8,0,2023-08-24 07:23:20.283146
36,Dyke,76,6,7,7,10,8,0,2023-08-24 07:25:07.294084
37,Dyke,3,10,10,8,10,10,0,2023-08-24 07:26:54.846461
38,Dyke,37,9,9,7,7,8,0,2023-08-24 08:26:41.242993
40,Dyke,90,8,9,6,8,9,0,2023-08-24 08:30:37.195289
43,Dyke,15,9,9,7,8,9,0,2023-08-24 08:38:41.291525
44,Dyke,26,8,7,7,8,9,0,2023-08-24 08:47:21.226868
45,Dyke,89,10,8,6,7,8,0,2023-08-24 08:49:18.198691
46,Dyke,44,9,8,7,9,8,0,2023-08-24 08:51:17.269346
47,Dyke,5,10,9,7,8,10,0,2023-08-24 08:53:06.887034
48,Dyke,65,8,8,7,7,8,0,2023-08-24 08:54:35.884091
49,Dyke,71,8,6,6,5,8,0,2023-08-24 09:55:58.564404
50,Dyke,69,8,7,6,6,7,0,2023-08-24 09:57:09.099531
51,Dyke,32,9,8,6,6,8,0,2023-08-24 09:58:20.861690
53,Dyke,85,8,8,6,7,7,0,2023-08-24 10:01:17.113256
54,Dyke,17,9,9,9,9,10,0,2023-08-24 10:02:46.111309
55,Dyke,92,8,7,7,8,9,0,2023-08-24 10:04:06.998799
56,Dyke,29,9,8,8,7,9,0,2023-08-24 10:06:10.838563
57,Dyke,4,8,7,7,8,9,0,2023-08-24 10:07:29.924469
58,Dyke,77,10,9,7,8,9,0,2023-08-24 10:08:46.287970
59,Dyke,50,9,8,7,7,8,0,2023-08-24 10:10:17.975697
60,Dyke,34,8,7,7,9,9,0,2023-08-24 10:11:50.193873
61,Dyke,56,9,8,7,8,9,0,2023-08-24 10:13:32.138555
62,Dyke,81,8,8,7,7,9,0,2023-08-24 10:14:45.160393
64,Dyke,39,8,9,7,7,8,0,2023-08-24 10:17:31.290237
65,Dyke,66,8,8,7,7,8,0,2023-08-24 10:18:58.462503
67,Dyke,23,7,7,7,8,9,0,2023-08-24 10:22:21.593081
68,Dyke,9,8,7,6,7,8,0,2023-08-24 10:23:44.976556
69,Dyke,60,8,8,8,9,9,0,2023-08-24 10:24:56.639107
70,Dyke,42,9,8,8,8,9,0,2023-08-24 10:26:26.431283
71,Dyke,64,8,9,8,8,8,0,2023-08-24 10:28:33.529319
72,Dyke,91,8,7,8,8,8,0,2023-08-24 10:30:00.345974
73,Dyke,99,8,8,7,7,8,0,2023-08-24 10:32:58.007072
74,Dyke,11,8,7,8,7,7,0,2023-08-24 10:34:30.084197
75,Dyke,35,9,8,7,8,7,0,2023-08-24 10:35:56.888978
76,Dyke,1,9,8,8,7,7,0,2023-08-24 10:37:36.124609
77,Dyke,82,9,8,7,6,7,0,2023-08-24 10:39:30.288966
78,Dyke,70,8,7,8,7,8,0,2023-08-24 10:41:22.370225
79,Dyke,74,8,7,5,6,7,0,2023-08-24 10:42:53.371150
80,Dyke,43,8,6,6,6,7,0,2023-08-24 10:44:14.507216
81,Dyke,98,9,9,8,8,9,0,2023-08-24 10:45:31.299202
82,Dyke,61,9,8,7,7,8,0,2023-08-24 10:47:13.954818
83,Dyke,12,9,8,8,8,8,0,2023-08-24 10:52:20.796828
84,Dyke,94,7,8,7,7,8,0,2023-08-24 10:54:05.768522
85,Dyke,51,8,9,8,8,9,0,2023-08-24 10:55:18.499172
86,Dyke,45,8,8,8,8,9,0,2023-08-24 10:57:02.516172
87,Dyke,68,9,7,7,7,9,0,2023-08-24 10:58:59.862141
88,Dyke,31,9,8,7,8,9,0,2023-08-24 11:00:19.003691
89,Dyke,2,7,8,7,8,8,0,2023-08-24 11:02:07.275211
90,Dyke,88,8,7,7,8,8,0,2023-08-24 11:03:32.234753
91,Dyke,96,8,7,8,8,8,0,2023-08-24 11:05:19.567249
92,Dyke,52,10,9,8,8,9,0,2023-08-24 11:10:58.207695
93,Dyke,40,8,9,7,7,9,0,2023-08-24 11:12:17.088093
94,Dyke,20,0,9,8,8,9,0,2023-08-24 11:14:59.291960
95,Dyke,84,9,8,6,6,8,0,2023-08-24 11:17:00.904653
96,Dyke,83,8,8,6,7,8,0,2023-08-24 11:18:21.453890
97,Dyke,28,8,7,7,7,8,0,2023-08-24 11:20:01.455262
98,Dyke,10,9,9,8,7,7,0,2023-08-24 11:21:38.565291
99,Dyke,47,8,8,7,6,7,0,2023-08-24 11:23:13.581438
100,Dyke,62,9,8,6,7,8,0,2023-08-24 11:25:02.391890
101,Clusmann,57,8,6,6,6,8,0,2023-08-27 10:16:19.777654
102,Clusmann,49,9,7,9,8,9,0,2023-08-27 10:17:38.035169
103,Clusmann,14,8,9,8,7,8,0,2023-08-27 10:18:43.404051
104,Clusmann,87,6,4,4,4,8,0,2023-08-27 10:20:10.137837
105,Clusmann,27,7,8,9,8,4,0,2023-08-27 10:21:50.776080
106,Clusmann,7,7,7,4,6,7,0,2023-08-27 10:22:52.657744
107,Clusmann,67,7,8,4,5,6,0,2023-08-27 10:24:17.873940
108,Clusmann,73,6,5,3,3,5,0,2023-08-27 10:25:10.653891
109,Clusmann,33,8,8,9,8,9,0,2023-08-27 10:26:21.012388
110,Clusmann,93,8,9,7,8,8,0,2023-08-27 10:27:54.169498
111,Clusmann,22,9,9,9,9,7,0,2023-08-27 10:29:58.379767
112,Clusmann,95,6,6,3,5,5,0,2023-08-27 10:31:15.342646
113,Clusmann,36,9,8,7,7,8,0,2023-08-27 10:32:32.272316
114,Clusmann,79,4,2,4,4,8,0,2023-08-27 10:33:32.518463
115,Clusmann,8,7,9,8,6,7,0,2023-08-27 10:36:41.980902
117,Clusmann,46,7,8,5,6,7,0,2023-08-27 11:36:56.867848
118,Clusmann,58,7,7,5,5,6,0,2023-08-27 11:38:08.926780
119,Clusmann,80,4,4,3,1,5,0,2023-08-27 11:38:47.278528
120,Clusmann,86,7,6,5,4,8,0,2023-08-27 11:39:48.656130
121,Clusmann,97,9,9,7,10,9,0,2023-08-27 11:41:24.650724
122,Clusmann,78,7,2,2,2,4,0,2023-08-27 11:42:35.884974
123,Clusmann,48,7,8,4,6,8,0,2023-08-27 11:43:51.280550
124,Clusmann,75,7,7,5,5,8,0,2023-08-27 11:45:50.286374
125,Clusmann,63,6,4,2,2,6,0,2023-08-27 11:49:45.129420
126,Clusmann,18,8,9,5,8,7,0,2023-08-27 11:50:43.971179
127,Clusmann,6,7,8,6,7,7,0,2023-08-27 11:52:11.351424
128,Clusmann,30,7,9,9,8,8,0,2023-08-27 11:53:09.355797
129,Clusmann,38,7,9,9,8,8,0,2023-08-27 11:54:01.743949
130,Clusmann,54,9,9,9,8,7,0,2023-08-27 11:55:12.347378
131,Clusmann,100,9,8,5,9,6,0,2023-08-27 11:57:00.567890
132,Clusmann,24,7,9,9,7,8,0,2023-08-27 11:57:40.964500
133,Clusmann,76,6,3,3,2,7,0,2023-08-27 11:58:38.703300
134,Clusmann,59,5,2,1,2,5,0,2023-08-27 11:59:39.867613
135,Clusmann,3,7,6,4,5,7,0,2023-08-27 12:00:36.909097
136,Clusmann,37,8,7,4,4,5,0,2023-08-27 12:02:18.884454
137,Clusmann,90,8,10,9,9,8,0,2023-08-27 12:23:36.750440
138,Clusmann,16,8,8,9,7,7,0,2023-08-27 12:24:19.884355
139,Clusmann,72,6,2,2,2,5,0,2023-08-27 12:29:42.521273
140,Clusmann,41,7,6,6,6,7,0,2023-08-27 12:30:31.443471
141,Clusmann,100,8,9,6,7,8,0,2023-08-27 12:52:44.664974
142,Clusmann,15,6,7,4,4,5,0,2023-08-27 12:55:13.133612
143,Clusmann,55,7,3,3,4,5,0,2023-08-27 12:56:10.010358
144,Clusmann,44,8,9,8,8,7,0,2023-08-27 12:57:09.112069
145,Clusmann,89,5,6,5,6,5,0,2023-08-27 12:58:09.467289
146,Clusmann,71,4,2,2,2,5,0,2023-08-27 12:58:55.334007
147,Clusmann,65,5,3,3,2,5,0,2023-08-27 13:00:11.126801
148,Clusmann,32,8,9,7,5,6,0,2023-08-27 13:01:00.522250
149,Clusmann,26,4,2,3,3,6,0,2023-08-27 13:01:51.607740
150,Clusmann,5,9,9,9,7,8,0,2023-08-27 13:02:39.135275
151,Clusmann,69,6,3,4,3,5,0,2023-08-27 13:03:38.036219
152,Clusmann,85,5,3,1,2,3,0,2023-08-27 13:04:31.271695
153,Clusmann,56,5,3,3,3,5,0,2023-08-27 13:05:15.441947
154,Clusmann,77,5,5,3,3,5,0,2023-08-27 13:06:02.500960
155,Clusmann,50,6,6,3,3,3,0,2023-08-27 13:10:20.541612
156,Clusmann,17,6,6,3,3,4,0,2023-08-27 13:11:08.977482
157,Clusmann,29,7,7,6,3,5,0,2023-08-27 13:12:10.046604
158,Clusmann,92,6,4,5,3,6,0,2023-08-27 13:13:29.426564
159,Clusmann,4,7,8,6,4,3,0,2023-08-27 13:16:01.388153
160,Clusmann,81,5,6,4,4,5,0,2023-08-27 13:17:04.532927
161,Clusmann,34,6,8,9,7,6,0,2023-08-27 13:17:50.779482
162,Clusmann,13,8,9,9,7,8,0,2023-08-27 13:19:02.698170
163,Clusmann,64,7,3,4,4,5,0,2023-08-27 13:20:03.072391
164,Clusmann,9,8,9,8,8,9,0,2023-08-27 20:48:20.478965
165,Clusmann,23,8,8,7,8,8,0,2023-08-27 20:49:10.318719
166,Clusmann,39,8,6,5,4,6,0,2023-08-27 20:50:12.287431
167,Clusmann,91,7,5,6,2,7,0,2023-08-27 20:51:10.615538
168,Clusmann,60,7,3,2,3,5,0,2023-08-27 20:51:52.705612
169,Clusmann,66,7,3,2,4,6,0,2023-08-27 20:52:31.308422
170,Clusmann,53,7,4,5,4,6,0,2023-08-27 20:53:15.270439
171,Clusmann,42,6,5,7,7,7,0,2023-08-27 20:54:13.185080
172,Clusmann,70,8,7,3,3,5,0,2023-08-27 20:55:29.605658
173,Clusmann,98,8,9,9,6,7,0,2023-08-27 20:56:10.029614
174,Clusmann,35,8,9,8,8,4,0,2023-08-27 20:57:32.266939
175,Clusmann,1,8,8,6,7,5,0,2023-08-27 20:58:18.459679
176,Clusmann,21,8,5,6,5,5,0,2023-08-27 20:59:02.614839
177,Clusmann,74,6,3,3,3,5,0,2023-08-27 21:00:01.639920
178,Clusmann,11,8,9,9,8,6,0,2023-08-28 08:06:07.510304
179,Clusmann,99,8,8,8,7,6,0,2023-08-28 08:06:44.087983
180,Clusmann,43,8,8,6,6,6,0,2023-08-28 08:07:27.160481
181,Clusmann,82,6,3,4,4,5,0,2023-08-28 08:08:37.776768
182,Clusmann,68,7,7,6,6,6,0,2023-08-28 08:10:18.153850
183,Clusmann,94,7,7,7,7,7,0,2023-08-28 08:11:36.079750
184,Clusmann,51,7,6,6,6,6,0,2023-08-28 08:12:28.558091
185,Clusmann,31,7,6,5,5,6,0,2023-08-28 08:13:21.120885
186,Clusmann,2,7,7,6,6,6,0,2023-08-28 08:25:06.672122
187,Clusmann,45,7,8,8,7,6,0,2023-08-28 08:26:03.407672
188,Clusmann,25,8,7,6,6,6,0,2023-08-28 08:28:11.260992
189,Clusmann,61,7,5,5,6,6,0,2023-08-28 08:30:04.811361
190,Clusmann,88,7,7,6,6,6,0,2023-08-28 08:30:59.947711
191,Clusmann,12,7,7,7,8,6,0,2023-08-28 08:32:34.650482
192,Clusmann,96,7,4,5,3,5,0,2023-08-28 08:36:32.365758
193,Clusmann,84,7,7,7,3,6,0,2023-08-28 08:37:23.808525
194,Clusmann,40,7,6,4,5,6,0,2023-08-28 08:38:35.998254
195,Clusmann,62,7,7,6,5,6,0,2023-08-28 08:39:46.092385
196,Clusmann,28,7,5,5,4,5,0,2023-08-28 08:40:37.874956
198,Clusmann,20,7,9,8,8,7,0,2023-08-28 08:42:50.667765
199,Clusmann,47,7,7,5,5,6,0,2023-08-28 08:44:23.683851
201,Clusmann,10,7,7,6,5,6,0,2023-08-28 08:47:40.647142
202,Truhn,95,8,7,3,6,7,0,2023-08-25 20:19:42.610976
203,Truhn,73,8,5,2,3,6,0,2023-08-25 20:21:11.701162
204,Truhn,7,7,6,3,3,7,0,2023-08-25 20:22:35.937887
205,Truhn,49,8,6,3,3,8,0,2023-08-25 20:23:44.748269
206,Truhn,14,7,7,6,6,7,0,2023-08-25 20:25:28.954834
207,Truhn,33,7,6,5,7,6,0,2023-08-25 20:26:33.125717
208,Truhn,87,8,6,3,3,7,0,2023-08-25 20:27:45.514688
209,Truhn,27,8,7,7,7,6,0,2023-08-25 20:28:57.501143
210,Truhn,93,8,6,6,6,7,0,2023-08-25 20:30:19.050665
211,Truhn,67,6,6,3,3,7,0,2023-08-25 20:31:22.732390
212,Truhn,57,7,6,5,5,7,0,2023-08-25 20:32:33.446833
213,Truhn,86,7,6,3,3,7,0,2023-08-25 20:34:20.602267
214,Truhn,80,7,5,3,3,7,0,2023-08-25 20:35:37.672706
215,Truhn,19,8,7,5,5,7,0,2023-08-25 20:36:51.868141
216,Truhn,36,8,4,4,2,7,0,2023-08-25 20:38:59.917333
217,Truhn,22,8,6,3,3,6,0,2023-08-25 20:40:13.281397
218,Truhn,58,8,7,4,2,6,0,2023-08-25 20:42:11.595212
219,Truhn,79,9,5,2,2,7,0,2023-08-25 20:43:23.367734
220,Truhn,8,8,6,4,5,7,0,2023-08-25 20:44:10.315898
221,Truhn,46,8,6,2,4,7,0,2023-08-25 20:44:57.920987
222,Truhn,6,9,7,5,6,6,0,2023-08-25 20:45:51.444128
223,Truhn,38,9,6,3,4,6,0,2023-08-25 20:46:38.645192
224,Truhn,75,9,8,4,5,7,0,2023-08-25 20:47:27.530639
225,Truhn,54,8,8,4,6,7,0,2023-08-25 20:48:10.106943
226,Truhn,48,8,7,3,6,7,0,2023-08-25 21:23:34.148863
227,Truhn,30,8,7,4,4,7,0,2023-08-25 21:24:23.956913
228,Truhn,78,7,5,4,7,6,0,2023-08-25 21:25:27.480337
229,Truhn,97,8,7,4,4,7,0,2023-08-25 21:26:23.479215
230,Truhn,63,7,4,2,2,6,0,2023-08-25 21:27:14.549366
231,Truhn,18,9,7,4,7,8,0,2023-08-25 21:27:52.193966
232,Truhn,90,6,7,5,6,7,0,2023-08-25 22:41:15.537643
233,Truhn,3,8,7,3,3,7,0,2023-08-25 22:42:04.561252
234,Truhn,100,7,7,4,6,6,0,2023-08-25 22:43:09.950470
235,Truhn,76,8,5,2,2,9,0,2023-08-25 22:43:48.405355
236,Truhn,16,8,6,4,6,5,0,2023-08-25 22:45:13.496807
237,Truhn,24,7,6,5,6,6,0,2023-08-25 22:45:57.310861
238,Truhn,41,8,7,3,5,7,0,2023-08-25 22:46:34.460415
239,Truhn,59,7,6,2,2,7,0,2023-08-25 22:47:16.373983
240,Truhn,72,8,7,2,3,7,0,2023-08-25 22:48:26.131057
241,Truhn,37,8,8,5,6,7,0,2023-08-25 22:49:07.609845
242,Truhn,5,8,6,6,7,6,0,2023-08-31 08:40:12.322722
243,Truhn,65,8,5,4,3,8,0,2023-08-31 08:40:44.826739
244,Truhn,32,8,7,7,7,6,0,2023-08-31 08:41:21.625325
245,Truhn,15,8,7,8,7,6,0,2023-08-31 08:41:53.252084
246,Truhn,26,8,8,7,7,6,0,2023-08-31 08:46:37.988918
247,Truhn,55,9,7,7,7,7,0,2023-08-31 08:47:17.133639
248,Truhn,71,8,6,5,5,7,0,2023-08-31 08:48:02.144071
249,Truhn,89,8,7,5,5,8,0,2023-08-31 08:48:33.864317
250,Truhn,69,9,7,4,3,8,0,2023-08-31 08:48:59.136657
251,Truhn,44,9,7,7,8,7,0,2023-08-31 08:49:24.260737
252,Truhn,50,9,8,6,7,8,0,2023-08-31 08:50:00.658594
253,Truhn,17,8,8,5,8,9,0,2023-08-31 08:50:24.982637
254,Truhn,81,8,6,5,4,8,0,2023-08-31 08:50:45.231497
255,Truhn,92,8,7,5,5,8,0,2023-08-31 08:51:05.312196
256,Truhn,34,8,8,7,8,9,0,2023-08-31 08:51:22.106911
257,Truhn,29,9,8,7,8,8,0,2023-08-31 08:51:51.921770
258,Truhn,77,8,8,7,7,8,0,2023-08-31 08:52:13.006618
259,Truhn,85,8,7,4,10,8,0,2023-08-31 08:54:40.003673
260,Truhn,56,8,6,4,7,6,0,2023-08-31 08:55:16.841645
261,Truhn,4,8,7,7,7,8,0,2023-08-31 08:55:45.234953
262,Truhn,53,8,6,5,5,6,0,2023-08-31 08:56:09.273984
263,Truhn,66,8,7,3,4,8,0,2023-08-31 08:56:33.777621
264,Truhn,64,8,7,6,6,7,0,2023-08-31 08:57:00.387542
265,Truhn,39,8,7,6,7,8,0,2023-08-31 08:57:21.348477
266,Truhn,60,8,8,5,7,8,0,2023-08-31 08:57:40.857302
267,Truhn,23,8,7,7,7,7,0,2023-08-31 08:58:19.045196
268,Truhn,42,8,8,8,7,8,0,2023-08-31 09:00:22.453174
269,Truhn,9,8,7,6,5,8,0,2023-08-31 09:00:42.603982
270,Truhn,91,8,8,5,5,7,0,2023-08-31 09:02:16.045283
271,Truhn,13,8,8,4,6,8,0,2023-08-31 09:02:35.671059
272,Truhn,98,8,8,5,7,8,0,2023-08-31 09:03:01.533745
273,Truhn,70,8,8,5,6,8,0,2023-08-31 09:03:34.002628
274,Truhn,1,8,7,6,7,8,0,2023-08-31 09:03:58.155718
275,Truhn,11,8,8,7,7,8,0,2023-08-31 09:04:15.340231
276,Truhn,21,8,8,6,7,7,0,2023-08-31 09:04:34.210363
277,Truhn,99,8,6,3,6,7,0,2023-08-31 09:04:51.651524
278,Truhn,35,8,7,5,5,7,0,2023-08-31 09:05:07.966654
279,Truhn,82,8,7,7,7,8,0,2023-08-31 09:05:33.091617
280,Truhn,43,8,6,5,5,7,0,2023-08-31 09:05:51.879331
281,Truhn,74,8,7,5,4,7,0,2023-08-31 09:06:14.892113
282,Truhn,61,8,6,5,5,7,0,2023-08-31 09:06:30.525700
283,Truhn,12,8,7,7,7,7,0,2023-08-31 09:06:58.666101
284,Truhn,2,8,6,4,5,7,0,2023-08-31 09:07:15.709009
285,Truhn,31,8,7,6,5,8,0,2023-08-31 09:07:42.266695
286,Truhn,88,8,7,6,7,8,0,2023-08-31 09:07:57.502611
287,Truhn,68,8,7,7,6,7,0,2023-08-31 09:08:14.501202
288,Truhn,94,8,7,6,6,8,0,2023-08-31 09:08:34.212741
289,Truhn,51,8,7,6,6,7,0,2023-08-31 09:08:55.154552
290,Truhn,25,8,5,6,5,7,0,2023-08-31 09:09:14.575166
291,Truhn,45,8,7,7,6,7,0,2023-08-31 09:09:33.416656
292,Truhn,52,8,7,7,7,7,0,2023-08-31 09:11:59.273443
293,Truhn,40,8,8,7,8,8,0,2023-08-31 09:12:13.039148
294,Truhn,84,8,8,7,7,8,0,2023-08-31 09:12:26.931392
295,Truhn,20,8,7,3,3,8,0,2023-08-31 09:13:43.729866
296,Truhn,62,8,7,6,5,7,0,2023-08-31 09:14:04.191809
297,Truhn,47,8,7,5,5,8,0,2023-08-31 09:14:21.667275
298,Truhn,28,8,7,6,5,7,0,2023-08-31 09:14:47.002737
299,Truhn,83,8,7,4,3,8,0,2023-08-31 09:15:07.371666
300,Truhn,96,8,8,6,6,8,0,2023-08-31 09:15:20.786139
301,Truhn,10,8,7,4,4,8,0,2023-08-31 09:15:44.587121
302,Schneider,14,10,10,10,10,10,0,2023-08-14 10:14:52.479865
303,Schneider,50,10,10,10,10,10,0,2023-08-14 10:14:52.895499
304,Isabella,52,9,9,3,3,6,0,2023-08-24 12:13:39.438722
305,Isabella,49,10,10,3,8,10,0,2023-08-24 12:19:21.693262
306,Isabella,7,10,8,3,6,8,0,2023-08-24 13:12:33.060750
307,Isabella,27,10,10,7,7,6,0,2023-08-24 13:17:11.953215
308,Isabella,67,8,8,3,8,9,0,2023-08-24 13:26:21.771270
309,Isabella,14,8,8,3,8,9,0,2023-08-24 13:26:53.619869
310,Isabella,87,10,10,3,10,10,0,2023-08-24 13:29:41.752317
311,Isabella,73,7,7,2,4,6,0,2023-08-24 13:34:44.985084
312,Isabella,57,10,8,3,5,7,0,2023-08-24 13:37:47.923105
313,Isabella,93,10,7,2,3,8,0,2023-08-24 13:44:40.512072
314,Isabella,33,10,9,2,7,9,0,2023-08-24 13:47:51.215842
315,Isabella,86,5,3,1,1,3,0,2023-08-24 14:03:05.272125
316,Isabella,8,10,9,3,10,6,0,2023-08-24 14:08:07.284579
317,Isabella,95,10,9,3,10,6,0,2023-08-24 14:08:42.176291
318,Isabella,58,7,6,3,5,6,0,2023-08-24 14:13:59.642539
319,Isabella,19,10,8,4,6,6,0,2023-08-24 14:21:52.491294
320,Isabella,22,10,8,4,6,6,0,2023-08-24 14:25:37.286797
321,Isabella,80,6,4,2,2,5,0,2023-08-24 15:16:03.508986
322,Isabella,79,6,3,2,2,3,0,2023-08-24 15:19:42.828765
323,Isabella,36,10,8,4,8,6,0,2023-08-24 15:23:56.037415
324,Isabella,46,10,10,5,6,6,0,2023-08-24 15:27:00.132286
325,Isabella,38,10,10,3,8,5,0,2023-08-24 15:32:35.525072
326,Isabella,54,8,10,3,8,6,0,2023-08-24 15:44:51.061662
327,Isabella,78,7,2,2,2,6,0,2023-08-24 15:51:41.746447
328,Isabella,75,10,3,2,2,10,0,2023-08-24 15:56:04.470995
329,Isabella,63,7,3,1,1,7,0,2023-08-24 16:32:44.167898
330,Isabella,30,10,10,4,8,6,0,2023-08-24 16:35:32.385209
331,Isabella,48,10,10,3,7,6,0,2023-08-24 16:37:17.068871
332,Isabella,6,8,8,4,8,6,0,2023-08-24 16:46:48.784724
333,Isabella,18,10,10,3,9,6,0,2023-08-24 16:48:33.803532
334,Isabella,97,8,10,5,8,6,0,2023-08-24 16:54:37.336820
335,Isabella,3,8,8,4,8,5,0,2023-08-24 17:00:12.431380
336,Isabella,72,9,5,2,2,8,0,2023-08-24 17:03:10.896166
337,Isabella,76,9,6,4,4,6,0,2023-08-24 17:10:15.536541
338,Isabella,16,10,9,4,6,2,0,2023-08-25 08:39:01.802193
339,Isabella,100,10,9,5,6,4,0,2023-08-25 08:52:53.778605
340,Isabella,24,10,10,5,9,9,0,2023-08-25 08:54:39.233183
341,Isabella,37,10,10,3,7,5,0,2023-08-25 08:55:57.914305
342,Isabella,59,9,5,4,2,10,0,2023-08-25 08:57:25.962072
343,Isabella,41,9,7,6,8,7,0,2023-08-25 08:59:05.202048
344,Isabella,90,10,10,6,9,4,0,2023-08-25 09:13:40.721553
345,Isabella,71,7,6,4,4,7,0,2023-08-25 09:18:19.362380
346,Isabella,15,9,9,5,8,6,0,2023-08-25 09:19:50.747396
347,Isabella,69,9,7,4,7,5,0,2023-08-25 09:23:37.066510
348,Isabella,26,10,9,4,9,6,0,2023-08-25 09:25:08.050575
349,Isabella,5,10,10,5,10,6,0,2023-08-25 09:26:53.203356
350,Isabella,32,10,10,5,10,6,0,2023-08-25 09:27:46.602182
351,Isabella,44,10,10,6,10,6,0,2023-08-25 09:29:17.011593
352,Isabella,89,10,10,5,9,5,0,2023-08-25 09:31:00.466822
353,Isabella,55,10,10,4,9,5,0,2023-08-25 09:35:54.302443
354,Isabella,65,10,10,4,8,9,0,2023-08-25 09:37:08.823656
355,Isabella,77,10,8,4,8,7,0,2023-08-25 09:40:02.362949
356,Isabella,56,9,7,3,8,4,0,2023-08-25 09:42:09.562897
357,Isabella,4,10,8,5,7,7,0,2023-08-25 09:44:56.242772
358,Isabella,29,10,10,4,8,4,0,2023-08-25 17:45:43.030413
359,Isabella,85,10,8,3,8,2,0,2023-08-25 17:48:49.797308
360,Isabella,50,10,8,3,8,2,0,2023-08-25 17:51:56.371267
361,Isabella,92,10,9,5,8,4,0,2023-08-25 17:53:53.159194
362,Isabella,81,10,10,3,6,6,0,2023-08-25 17:55:30.244641
363,Isabella,17,10,6,5,8,2,0,2023-08-25 17:56:53.109388
364,Isabella,34,10,9,5,9,7,0,2023-08-25 18:05:50.823539
365,Isabella,60,9,7,6,5,6,0,2023-08-25 18:08:49.069984
366,Isabella,39,9,7,4,7,7,0,2023-08-25 19:15:46.643584
367,Isabella,64,8,5,2,3,3,0,2023-08-25 19:18:02.771863
368,Isabella,9,10,10,6,7,7,0,2023-08-25 19:19:31.301484
369,Isabella,23,10,9,4,8,6,0,2023-08-25 19:21:42.821137
370,Isabella,53,10,8,3,3,4,0,2023-08-25 19:23:32.644348
371,Isabella,13,10,9,4,10,6,0,2023-08-25 19:24:54.140678
372,Isabella,42,10,9,3,7,6,0,2023-08-25 19:26:52.165155
373,Isabella,91,9,8,3,6,5,0,2023-08-25 19:29:32.572136
374,Isabella,66,10,8,3,5,5,0,2023-08-25 19:31:58.444700
375,Isabella,98,10,10,5,8,3,0,2023-08-25 19:39:26.427801
376,Isabella,74,10,7,2,3,3,0,2023-08-25 19:42:02.756948
377,Isabella,1,10,9,5,7,7,0,2023-08-25 19:43:28.284218
378,Isabella,70,10,6,2,3,3,0,2023-08-25 19:45:08.219892
379,Isabella,99,10,9,3,6,6,0,2023-08-25 19:46:27.901144
380,Isabella,11,10,8,5,7,6,0,2023-08-25 20:01:56.111790
381,Isabella,21,10,10,6,8,6,0,2023-08-25 20:03:48.204657
382,Isabella,82,10,9,3,5,6,0,2023-08-25 20:05:32.548944
383,Isabella,43,10,9,4,6,6,0,2023-08-25 20:07:09.584924
384,Isabella,35,10,9,4,5,6,0,2023-08-25 20:08:52.055079
385,Isabella,88,10,9,3,6,7,0,2023-08-25 20:11:03.136038
386,Isabella,51,10,10,4,8,8,0,2023-08-25 20:12:14.372117
387,Isabella,31,10,10,3,5,7,0,2023-08-25 20:13:32.043940
388,Isabella,25,10,10,4,9,7,0,2023-08-25 20:14:49.284748
389,Isabella,45,10,10,5,7,7,0,2023-08-25 20:17:11.197142
390,Isabella,61,10,5,3,2,5,0,2023-08-26 22:36:42.511891
391,Isabella,68,9,8,4,6,7,0,2023-08-26 22:42:15.877640
392,Isabella,94,10,9,5,8,8,0,2023-08-26 22:46:16.258494
393,Isabella,12,10,8,5,9,8,0,2023-08-26 22:48:25.913526
394,Isabella,2,9,5,10,4,6,0,2023-08-26 22:50:42.310560
395,Isabella,84,9,7,5,8,7,0,2023-08-26 22:54:33.545367
396,Isabella,47,8,6,4,5,6,0,2023-08-26 22:56:31.694897
397,Isabella,96,10,8,7,9,9,0,2023-08-26 22:57:51.609141
398,Isabella,83,9,4,3,2,4,0,2023-08-26 22:59:17.497174
399,Isabella,62,10,7,6,7,8,0,2023-08-26 23:01:09.992809
400,Isabella,20,10,9,5,7,6,0,2023-08-26 23:03:12.490228
401,Isabella,10,10,8,4,6,8,0,2023-08-26 23:05:42.573383
402,Isabella,28,10,8,6,8,7,0,2023-08-26 23:06:49.507000
403,Isabella,40,10,8,4,7,6,0,2023-08-26 23:11:16.376606
404,Schneider,58,9,9,8,8,9,0,2023-08-21 17:49:21.550893
405,Schneider,5,9,9,9,8,6,0,2023-08-21 17:50:34.859993
406,Schneider,63,8,8,7,8,10,0,2023-08-21 17:51:28.440960
408,Schneider,46,9,9,7,9,9,0,2023-08-21 17:54:41.200159
410,Schneider,96,9,8,6,7,7,0,2023-08-21 17:57:55.958206
411,Schneider,54,7,9,8,8,9,0,2023-08-21 17:59:26.592132
412,Schneider,36,9,9,6,7,9,0,2023-08-21 18:03:04.081447
413,Schneider,68,8,7,7,7,9,0,2023-08-21 18:04:10.522054
414,Schneider,48,8,7,5,6,8,0,2023-08-21 18:05:40.084053
415,Schneider,89,9,7,5,6,8,0,2023-08-21 18:07:24.318618
416,Schneider,4,10,7,6,7,9,0,2023-08-21 18:13:06.863720
417,Schneider,62,8,7,6,6,9,0,2023-08-21 18:14:00.835347
418,Schneider,29,10,7,7,7,9,0,2023-08-21 18:15:33.002987
419,Schneider,42,9,8,7,8,10,0,2023-08-21 18:16:41.942925
420,Schneider,16,9,10,8,8,8,0,2023-08-21 18:25:00.743819
421,Schneider,40,9,8,8,8,8,0,2023-08-21 18:25:47.979491
422,Schneider,26,9,9,9,8,8,0,2023-08-21 18:26:57.399328
423,Schneider,28,9,6,6,6,8,0,2023-08-21 18:29:50.292931
424,Schneider,57,10,9,8,8,10,0,2023-08-21 18:30:42.769402
425,Schneider,34,9,9,7,7,9,0,2023-08-21 18:32:01.603052
426,Schneider,72,8,7,6,6,8,0,2023-08-21 18:32:54.967492
427,Schneider,79,9,7,7,7,8,0,2023-08-21 18:33:40.048480
428,Schneider,69,9,8,7,7,9,0,2023-08-21 18:34:50.715706
429,Schneider,13,9,8,7,7,9,0,2023-08-21 18:35:55.285601
430,Schneider,52,8,8,8,6,8,0,2023-08-21 18:38:55.660840
431,Schneider,67,9,8,6,6,8,0,2023-08-21 18:41:31.400708
432,Schneider,32,10,9,9,9,8,0,2023-08-21 18:43:20.559447
433,Schneider,75,9,9,7,7,8,0,2023-08-21 18:44:27.363176
434,Schneider,97,9,9,8,8,8,0,2023-08-21 18:45:50.314366
435,Schneider,3,9,8,6,6,8,0,2023-08-21 18:47:00.146724
436,Schneider,59,9,6,6,6,8,0,2023-08-21 18:47:34.445378
437,Schneider,25,9,9,7,7,8,0,2023-08-21 18:48:06.400328
438,Schneider,6,10,8,7,7,8,0,2023-08-21 18:48:36.277059
439,Schneider,65,7,9,6,7,5,0,2023-08-21 22:48:36.747562
440,Schneider,82,8,5,5,5,9,0,2023-08-21 22:49:16.641428
441,Schneider,23,10,7,7,8,8,0,2023-08-21 22:50:19.387788
442,Schneider,30,10,9,7,9,8,0,2023-08-21 22:50:59.395511
444,Schneider,50,10,10,8,9,9,0,2023-08-21 22:53:52.412328
446,Schneider,38,8,8,7,6,8,0,2023-08-21 22:58:35.283454
447,Schneider,95,8,7,6,6,7,0,2023-08-21 23:00:06.509139
448,Schneider,71,7,6,6,5,7,0,2023-08-21 23:01:41.412595
449,Schneider,51,10,9,7,8,7,0,2023-08-21 23:04:07.106702
450,Schneider,94,10,9,9,9,7,0,2023-08-21 23:06:44.304222
451,Schneider,76,9,7,7,7,7,0,2023-08-21 23:11:01.295443
452,Schneider,44,10,10,10,10,7,0,2023-08-21 23:13:06.666708
453,Schneider,31,10,8,6,5,7,0,2023-08-21 23:13:58.516380
454,Schneider,2,9,8,7,6,8,0,2023-08-21 23:15:00.736952
455,Schneider,77,9,8,6,6,7,0,2023-08-21 23:17:27.822451
456,Schneider,12,10,10,8,10,8,0,2023-08-21 23:19:12.510233
457,Schneider,91,9,8,6,6,9,0,2023-08-21 23:21:05.821600
458,Schneider,66,9,8,6,6,8,0,2023-08-21 23:35:09.203810
459,Schneider,73,7,7,5,5,7,0,2023-08-21 23:37:03.067857
460,Schneider,53,10,8,7,6,8,0,2023-08-21 23:38:38.816952
461,Schneider,41,10,10,9,9,8,0,2023-08-21 23:40:48.885483
462,Schneider,92,9,8,8,8,8,0,2023-08-21 23:42:34.253503
463,Schneider,85,9,8,7,7,8,0,2023-08-21 23:43:31.258290
464,Schneider,35,9,9,9,9,8,0,2023-08-21 23:44:10.092229
465,Schneider,78,9,9,8,8,7,0,2023-08-21 23:44:55.369650
466,Schneider,21,8,8,7,7,7,0,2023-08-21 23:45:31.012746
467,Schneider,39,9,7,5,6,7,0,2023-08-21 23:47:36.877260
468,Schneider,19,8,8,5,6,8,0,2023-08-21 23:48:50.013850
469,Schneider,18,8,6,6,7,8,0,2023-08-21 23:49:56.365289
470,Schneider,61,9,6,6,8,8,0,2023-08-21 23:51:33.042053
471,Schneider,98,9,6,7,7,7,0,2023-08-21 23:53:18.911880
472,Schneider,84,9,7,6,8,7,0,2023-08-21 23:54:37.122126
473,Schneider,1,9,7,5,6,7,0,2023-08-21 23:57:07.426325
474,Schneider,70,9,6,5,5,7,0,2023-08-21 23:58:36.570760
475,Schneider,37,9,9,8,8,8,0,2023-08-21 23:59:59.811620
476,Schneider,47,9,6,5,6,8,0,2023-08-22 00:01:11.992094
477,Schneider,7,9,7,7,8,8,0,2023-08-22 00:02:20.520763
478,Schneider,14,9,8,9,9,9,0,2023-08-22 00:02:59.112649
479,Schneider,87,9,7,6,6,8,0,2023-08-22 00:04:47.667744
480,Schneider,10,9,6,5,5,7,0,2023-08-22 00:06:01.076862
481,Schneider,33,9,8,7,8,7,0,2023-08-22 00:07:32.562827
482,Schneider,64,9,7,6,7,8,0,2023-08-22 00:09:07.484978
483,Schneider,83,9,6,6,6,7,0,2023-08-22 00:10:23.428947
484,Schneider,11,9,8,7,7,8,0,2023-08-22 00:11:02.369285
485,Schneider,22,9,7,7,7,8,0,2023-08-22 00:12:50.238962
486,Schneider,55,9,8,7,7,8,0,2023-08-22 00:14:01.119203
487,Schneider,15,9,8,7,7,8,0,2023-08-22 00:15:17.975747
488,Schneider,80,9,5,5,5,7,0,2023-08-22 00:17:00.077446
489,Schneider,20,9,7,6,7,7,0,2023-08-22 00:18:26.823638
490,Schneider,93,10,7,7,8,8,0,2023-08-22 00:19:26.086269
491,Schneider,45,9,5,5,5,6,0,2023-08-22 00:21:23.827470
492,Schneider,8,9,8,6,7,7,0,2023-08-22 00:23:59.811782
493,Schneider,24,9,7,7,7,7,0,2023-08-22 00:24:41.701893
494,Schneider,43,9,5,5,6,8,0,2023-08-22 00:25:24.608699
495,Schneider,74,9,5,5,4,8,0,2023-08-22 00:26:13.333234
496,Schneider,27,10,7,9,9,8,0,2023-08-22 00:26:55.252891
497,Schneider,49,10,6,5,6,7,0,2023-08-22 00:27:30.152659
498,Schneider,90,10,10,8,7,8,0,2023-08-22 00:28:07.195442
499,Schneider,88,10,7,6,6,7,0,2023-08-22 00:28:53.846192
500,Schneider,9,9,7,6,7,8,0,2023-08-22 00:30:16.604051
501,Schneider,86,9,7,6,7,7,0,2023-08-22 00:31:50.642495
502,Kather,86,10,2,2,3,7,0,2023-08-24 22:49:08.128786
503,Kather,57,10,9,5,10,6,0,2023-08-24 22:50:10.265603
504,Kather,49,10,9,6,5,6,0,2023-08-24 22:50:44.058277
505,Kather,73,10,9,8,10,9,0,2023-08-24 22:53:43.369155
506,Kather,93,7,5,6,3,3,0,2023-08-24 22:54:35.418334
507,Kather,67,6,4,4,3,3,0,2023-08-24 22:55:27.890100
508,Kather,7,10,8,7,8,8,0,2023-08-24 22:55:47.757778
509,Kather,33,9,6,7,8,7,0,2023-08-24 22:56:23.833444
510,Kather,14,8,9,9,8,8,0,2023-08-24 22:57:29.002716
511,Kather,87,8,5,3,3,7,0,2023-08-24 22:57:55.935018
512,Kather,27,9,9,10,8,7,0,2023-08-24 22:58:23.166770
513,Kather,79,7,4,3,3,7,0,2023-08-24 22:58:51.922152
514,Kather,80,6,6,2,3,3,0,2023-08-24 22:59:34.725522
515,Kather,8,8,7,7,7,6,0,2023-08-25 07:42:27.161096
516,Kather,95,7,5,4,4,6,0,2023-08-25 07:42:55.925452
517,Kather,58,7,6,3,6,6,0,2023-08-25 07:50:32.874069
518,Kather,36,8,6,5,3,5,0,2023-08-25 07:51:01.672101
519,Kather,22,8,8,8,8,8,0,2023-08-25 07:51:25.564297
520,Kather,19,6,6,4,3,4,0,2023-08-25 07:51:58.514433
521,Kather,46,8,6,6,5,6,0,2023-08-25 07:52:34.071512
522,Kather,30,9,9,4,8,7,0,2023-08-25 08:57:32.867003
523,Kather,54,8,7,7,7,8,0,2023-08-25 08:58:01.034495
524,Kather,38,7,5,4,2,6,0,2023-08-25 08:58:27.623311
525,Kather,75,7,5,5,4,4,0,2023-08-25 08:58:54.882152
526,Kather,6,8,8,4,5,6,0,2023-08-25 08:59:13.620826
527,Kather,18,7,7,6,5,5,0,2023-08-25 08:59:44.913123
528,Kather,78,8,3,4,2,6,0,2023-08-25 09:18:36.654173
529,Kather,63,7,2,1,1,4,0,2023-08-25 09:18:53.946295
530,Kather,97,8,8,5,10,9,0,2023-08-25 09:19:18.548592
531,Kather,48,8,6,5,6,6,0,2023-08-25 09:20:59.753215
532,Kather,76,7,3,2,1,5,0,2023-08-25 09:21:31.726543
533,Kather,24,7,5,3,2,6,0,2023-08-25 09:21:59.943377
534,Kather,59,7,6,7,4,7,0,2023-08-25 10:22:50.697001
535,Kather,37,7,6,2,2,6,0,2023-08-25 10:23:11.491390
536,Kather,100,7,8,7,8,6,0,2023-08-25 10:23:36.879550
537,Kather,16,8,7,7,8,7,0,2023-08-25 10:23:55.346416
538,Kather,83,5,2,2,2,4,0,2023-08-30 22:19:48.031659
539,Kather,90,10,10,8,8,9,0,2023-08-30 22:20:26.834690
540,Kather,3,6,4,5,5,6,0,2023-08-30 22:20:53.008102
541,Kather,72,6,2,2,2,5,0,2023-08-30 22:22:57.357192
542,Kather,41,7,5,6,5,5,0,2023-08-30 22:23:34.999693
543,Kather,26,7,3,3,2,3,0,2023-08-30 22:26:07.748715
544,Kather,65,8,3,3,3,3,0,2023-08-30 22:26:34.956674
545,Kather,89,10,8,7,8,7,0,2023-08-30 22:26:53.287532
546,Kather,32,6,6,5,6,5,0,2023-08-30 22:27:30.676983
547,Kather,5,5,5,4,5,4,0,2023-08-30 22:27:53.690668
548,Kather,55,5,5,5,3,3,0,2023-08-30 22:28:15.586682
549,Kather,69,5,4,4,3,3,0,2023-08-30 22:28:45.529201
550,Kather,15,10,3,2,1,2,0,2023-08-30 22:29:03.501960
551,Kather,44,6,3,2,4,3,0,2023-08-30 22:29:42.471271
552,Kather,71,3,3,5,6,3,0,2023-08-30 22:29:55.285480
553,Kather,77,6,3,3,2,3,0,2023-08-30 22:31:31.714696
554,Kather,34,8,8,7,9,9,0,2023-08-30 22:35:18.266263
555,Kather,50,6,6,6,3,4,0,2023-08-30 22:35:43.203500
556,Kather,4,5,5,3,4,3,0,2023-08-30 22:36:00.820725
557,Kather,56,6,6,5,6,3,0,2023-08-30 22:36:25.166701
558,Kather,17,6,6,9,7,5,0,2023-08-30 22:37:33.227792
559,Kather,85,6,6,2,3,4,0,2023-08-30 22:38:35.753883
560,Kather,29,8,10,9,9,7,0,2023-08-30 22:38:58.272618
561,Kather,92,7,7,5,3,6,0,2023-08-30 22:39:15.682820
562,Kather,81,6,3,4,2,4,0,2023-08-30 22:40:34.533952
563,Kather,13,7,7,2,2,3,0,2023-08-30 22:50:21.065524
564,Kather,60,2,1,2,1,2,0,2023-08-30 22:50:37.283757
565,Kather,66,5,3,2,2,2,0,2023-08-30 22:50:54.461703
566,Kather,42,7,4,3,2,2,0,2023-08-30 22:52:22.273682
567,Kather,91,5,4,2,2,3,0,2023-08-30 22:52:47.030585
568,Kather,9,5,4,5,4,3,0,2023-08-30 22:53:02.879113
569,Kather,53,7,5,4,3,2,0,2023-08-30 22:55:05.899067
570,Kather,23,6,5,7,7,5,0,2023-08-30 22:55:25.753055
571,Kather,64,6,4,2,1,2,0,2023-08-30 22:55:44.077603
572,Kather,39,5,5,3,1,3,0,2023-08-30 22:56:18.418510
573,Kather,1,6,5,4,3,3,0,2023-08-30 23:22:26.122695
574,Kather,11,7,6,6,4,4,0,2023-08-30 23:22:50.183929
575,Kather,21,5,4,3,4,3,0,2023-08-30 23:23:07.539348
576,Kather,82,7,4,3,2,4,0,2023-08-30 23:23:28.065264
577,Kather,43,5,4,2,2,2,0,2023-08-30 23:24:33.480896
578,Kather,74,6,6,3,3,3,0,2023-08-30 23:24:45.894856
579,Kather,98,7,1,2,2,2,0,2023-08-30 23:25:03.469827
580,Kather,99,6,5,2,2,3,0,2023-08-30 23:28:16.335143
581,Kather,70,6,5,4,4,3,0,2023-08-30 23:28:36.707082
582,Kather,35,6,4,3,4,3,0,2023-08-30 23:29:32.792878
583,Kather,68,6,5,3,3,2,0,2023-08-30 23:36:10.096265
584,Kather,45,8,6,7,5,7,0,2023-08-30 23:36:30.953989
585,Kather,31,4,2,3,2,4,0,2023-08-30 23:36:48.395397
586,Kather,2,6,5,4,3,4,0,2023-08-30 23:37:04.855799
587,Kather,25,8,4,3,4,4,0,2023-08-30 23:37:21.854974
588,Kather,94,7,7,3,9,7,0,2023-08-30 23:37:40.394925
589,Kather,88,8,4,5,4,5,0,2023-08-30 23:41:48.534265
590,Kather,12,6,4,3,2,3,0,2023-08-30 23:42:06.887278
591,Kather,61,6,3,2,1,2,0,2023-08-30 23:44:58.611285
592,Kather,51,7,6,4,4,5,0,2023-08-30 23:45:15.864827
593,Kather,52,7,5,4,2,3,0,2023-08-30 23:45:47.187376
594,Kather,10,7,5,3,2,3,0,2023-08-30 23:47:55.017618
595,Kather,84,8,8,6,7,8,0,2023-08-30 23:48:11.833275
596,Kather,20,8,6,2,3,5,0,2023-08-30 23:48:29.785098
597,Kather,62,8,9,4,9,8,0,2023-08-30 23:48:45.496087
598,Kather,40,3,3,2,1,3,0,2023-08-30 23:49:00.454885
599,Kather,28,5,2,2,2,3,0,2023-08-30 23:49:13.472730
600,Kather,47,7,3,2,3,3,0,2023-08-30 23:49:41.758926
601,Kather,96,5,6,4,6,6,0,2023-08-30 23:49:59.277813
